datetime,instrument,0
2020-01-02,AAPL,0.023205341079223344
2020-01-02,AMD,0.03126938365543038
2020-01-02,AMZN,-0.030747231354411913
2020-01-02,GOOGL,-0.007824457815592599
2020-01-02,MSFT,-0.007935238055449706
2020-01-02,NVDA,-0.005632884089377023
2020-01-02,TSLA,0.002026277712579607
2020-01-03,AAPL,-0.0015133256012598898
2020-01-03,AMD,0.043935604916130674
2020-01-03,AMZN,-0.022703138189932928
2020-01-03,GOOGL,-0.001066989071788028
2020-01-03,MSFT,0.0014808149952606673
2020-01-03,NVDA,0.008354012558521966
2020-01-03,TSLA,-0.023923635709651767
2020-01-06,AAPL,0.0019042122519608011
2020-01-06,AMD,0.06535304919107422
2020-01-06,AMZN,-0.00639459387730636
2020-01-06,GOOGL,-0.011660569916497473
2020-01-06,MSFT,-0.002123777272496144
2020-01-06,NVDA,0.0029598781883463043
2020-01-06,TSLA,0.013709285894436278
2020-01-07,AAPL,0.006016363221967549
2020-01-07,AMD,0.06830992030073646
2020-01-07,AMZN,-0.004151028613931236
2020-01-07,GOOGL,-0.01089693775235449
2020-01-07,MSFT,-0.0028018541482231663
2020-01-07,NVDA,-0.007108337245179784
2020-01-07,TSLA,0.02599510214836538
2020-01-08,AAPL,-0.0037910813907835843
2020-01-08,AMD,0.05163361240716647
2020-01-08,AMZN,6.897484095200846e-05
2020-01-08,GOOGL,-0.0050669073613332505
2020-01-08,MSFT,-0.0027784808869010173
2020-01-08,NVDA,-0.007642619672384519
2020-01-08,TSLA,0.11176759808072931
2020-01-09,AAPL,-0.00013205124943843318
2020-01-09,AMD,0.04177880861733349
2020-01-09,AMZN,-0.007717671709522446
2020-01-09,GOOGL,-0.012872663733610746
2020-01-09,MSFT,-0.00581603118368881
2020-01-09,NVDA,-0.00017638773501893896
2020-01-09,TSLA,0.031039959158205996
2020-01-10,AAPL,0.006642179092135372
2020-01-10,AMD,0.08317485884852288
2020-01-10,AMZN,0.017841890026023727
2020-01-10,GOOGL,-0.012872663733610746
2020-01-10,MSFT,-0.0026119429538974336
2020-01-10,NVDA,-0.008374310069967928
2020-01-10,TSLA,0.11560020690603863
2020-01-13,AAPL,0.03227763311693786
2020-01-13,AMD,0.033934432710149495
2020-01-13,AMZN,0.02315185260844669
2020-01-13,GOOGL,-0.008392840581282954
2020-01-13,MSFT,-0.009023908079169292
2020-01-13,NVDA,0.006195231984073712
2020-01-13,TSLA,0.03230981642154181
2020-01-14,AAPL,-0.006547611319500055
2020-01-14,AMD,0.009007303398193224
2020-01-14,AMZN,-0.004872772158247358
2020-01-14,GOOGL,-0.0036619584265305876
2020-01-14,MSFT,-0.0022837806568773125
2020-01-14,NVDA,-0.007765611914541438
2020-01-14,TSLA,-0.08877553993830264
2020-01-15,AAPL,-0.00021176236702465253
2020-01-15,AMD,0.03851047185747182
2020-01-15,AMZN,-0.006410796371571775
2020-01-15,GOOGL,-0.006564848340412018
2020-01-15,MSFT,0.0036203740476183056
2020-01-15,NVDA,0.0014708934497369125
2020-01-15,TSLA,0.04808584356649476
2020-01-16,AAPL,-0.002103867489903639
2020-01-16,AMD,0.031145522020986964
2020-01-16,AMZN,0.03518042739578972
2020-01-16,GOOGL,-0.0050597027505110605
2020-01-16,MSFT,-0.011527450239085253
2020-01-16,NVDA,-0.004899428919652121
2020-01-16,TSLA,0.11460603271316344
2020-01-17,AAPL,-0.005234178930746423
2020-01-17,AMD,0.032480988571412184
2020-01-17,AMZN,-0.009771254080492169
2020-01-17,GOOGL,-0.014816078764479903
2020-01-17,MSFT,-0.00612914789679051
2020-01-17,NVDA,0.0009972927943507114
2020-01-17,TSLA,0.1257505163954175
2020-01-21,AAPL,0.0010670607553348007
2020-01-21,AMD,-0.015728111159678655
2020-01-21,AMZN,-0.008641002390726463
2020-01-21,GOOGL,-0.013686134865124247
2020-01-21,MSFT,-0.006226674988344462
2020-01-21,NVDA,0.017242741343540334
2020-01-21,TSLA,-0.025003426549293006
2020-01-22,AAPL,0.0013060384587224765
2020-01-22,AMD,0.013971863492476455
2020-01-22,AMZN,-0.0030618644371916866
2020-01-22,GOOGL,-0.02062230822184877
2020-01-22,MSFT,-0.000760379971261517
2020-01-22,NVDA,0.013544996644647776
2020-01-22,TSLA,-0.09726797185564898
2020-01-23,AAPL,0.0069161719561715
2020-01-23,AMD,0.02502649121274321
2020-01-23,AMZN,0.04834472121250602
2020-01-23,GOOGL,-0.025800996696106658
2020-01-23,MSFT,0.0061898437703907265
2020-01-23,NVDA,0.003975648956619046
2020-01-23,TSLA,-0.02692429647178158
2020-01-24,AAPL,-0.0019233984434895374
2020-01-24,AMD,0.0366891504328023
2020-01-24,AMZN,-0.004312530271794657
2020-01-24,GOOGL,-0.0009344038670602301
2020-01-24,MSFT,0.0053302145727687125
2020-01-24,NVDA,-7.142691625210417e-05
2020-01-24,TSLA,-0.03650954792296774
2020-01-27,AAPL,-0.006292177591264943
2020-01-27,AMD,0.015640336340439525
2020-01-27,AMZN,0.003059350330546034
2020-01-27,GOOGL,0.00031258076812311434
2020-01-27,MSFT,0.002506523069690881
2020-01-27,NVDA,-0.009171138073514702
2020-01-27,TSLA,-0.022706263006606546
2020-01-28,AAPL,-0.005590463842771783
2020-01-28,AMD,-0.003301142820758081
2020-01-28,AMZN,0.003059350330546034
2020-01-28,GOOGL,-0.0010904565341899842
2020-01-28,MSFT,-0.0022697901435468153
2020-01-28,NVDA,-0.0023852234584350036
2020-01-28,TSLA,0.029803150487526287
2020-01-29,AAPL,-0.005938527335506394
2020-01-29,AMD,0.009746597290148623
2020-01-29,AMZN,0.003059350330546034
2020-01-29,GOOGL,-0.00022476547256718702
2020-01-29,MSFT,-0.012023230075301282
2020-01-29,NVDA,0.0004889866503018495
2020-01-29,TSLA,-0.04498507185340686
2020-01-30,AAPL,-0.005664379103233747
2020-01-30,AMD,-0.04516337878551922
2020-01-30,AMZN,-0.006206687393696491
2020-01-30,GOOGL,0.00019528057709888202
2020-01-30,MSFT,-0.01846193709600881
2020-01-30,NVDA,0.0004889866503018495
2020-01-30,TSLA,0.022622170335399865
2020-01-31,AAPL,0.003810689516272033
2020-01-31,AMD,-0.004005837077489916
2020-01-31,AMZN,-0.05893322829546172
2020-01-31,GOOGL,-0.0011653083836945274
2020-01-31,MSFT,-0.007307693762695905
2020-01-31,NVDA,0.004544983538356377
2020-01-31,TSLA,0.036780061116144964
2020-02-03,AAPL,0.0025540541052303054
2020-02-03,AMD,0.0029060441693210676
2020-02-03,AMZN,0.020190161144239816
2020-02-03,GOOGL,-0.015149158465383726
2020-02-03,MSFT,0.02595334017089838
2020-02-03,NVDA,0.002341625365632697
2020-02-03,TSLA,0.2516927297206536
2020-02-04,AAPL,0.0011543013239558298
2020-02-04,AMD,-0.006663963419874982
2020-02-04,AMZN,-0.013301300555477392
2020-02-04,GOOGL,-0.05283600761913254
2020-02-04,MSFT,0.007674243142801276
2020-02-04,NVDA,0.0018462723297889571
2020-02-04,TSLA,0.13757094928456404
2020-02-05,AAPL,0.009414537414242013
2020-02-05,AMD,0.00440114893497774
2020-02-05,AMZN,-0.05432213779713537
2020-02-05,GOOGL,0.005431094109977115
2020-02-05,MSFT,-0.006970692340144113
2020-02-05,NVDA,0.003617947275324963
2020-02-05,TSLA,-0.0585106757403154
2020-02-06,AAPL,0.0014120473634013113
2020-02-06,AMD,-0.00518060932109766
2020-02-06,AMZN,-0.04032895047401002
2020-02-06,GOOGL,-0.008328868458029918
2020-02-06,MSFT,-0.013930812540015443
2020-02-06,NVDA,-0.002423695896424864
2020-02-06,TSLA,0.015544035516258686
2020-02-07,AAPL,0.010766176356713543
2020-02-07,AMD,0.0042669505622180415
2020-02-07,AMZN,-0.0493349209443701
2020-02-07,GOOGL,-0.02414154583070102
2020-02-07,MSFT,-0.018878568836965193
2020-02-07,NVDA,0.008987903882061513
2020-02-07,TSLA,0.21200090560161128
2020-02-10,AAPL,-0.0008691854291431502
2020-02-10,AMD,0.02664509848141731
2020-02-10,AMZN,-0.054294293966328
2020-02-10,GOOGL,-0.007817529551986845
2020-02-10,MSFT,-0.010666070184481803
2020-02-10,NVDA,-0.01649817511739142
2020-02-10,TSLA,0.22653901908153276
2020-02-11,AAPL,0.006930426811657308
2020-02-11,AMD,0.0016675547534127427
2020-02-11,AMZN,0.008785031694260075
2020-02-11,GOOGL,-0.004946420502786569
2020-02-11,MSFT,-0.033437586839131526
2020-02-11,NVDA,-0.025063107959066303
2020-02-11,TSLA,0.16849058354976218
2020-02-12,AAPL,-0.004008308664430551
2020-02-12,AMD,-0.013703243620322023
2020-02-12,AMZN,-0.006471020603758452
2020-02-12,GOOGL,-0.0063430605231551244
2020-02-12,MSFT,0.005166438658184015
2020-02-12,NVDA,0.0028013616088201306
2020-02-12,TSLA,0.13106679517205963
2020-02-13,AAPL,0.00027051599357772854
2020-02-13,AMD,-0.06579745972949165
2020-02-13,AMZN,-0.01812186013775558
2020-02-13,GOOGL,0.00017856437279671833
2020-02-13,MSFT,-0.0029658605975054052
2020-02-13,NVDA,-0.01078137113065282
2020-02-13,TSLA,0.02827588899071983
2020-02-14,AAPL,0.00033805306605670654
2020-02-14,AMD,-0.05109897598849415
2020-02-14,AMZN,-0.012800374172067119
2020-02-14,GOOGL,0.006227467100826126
2020-02-14,MSFT,0.033560029735131336
2020-02-14,NVDA,0.011466751531793657
2020-02-14,TSLA,0.12135462563946282
2020-02-18,AAPL,0.0004344902443189818
2020-02-18,AMD,-0.01506888752018199
2020-02-18,AMZN,-0.008094059896313248
2020-02-18,GOOGL,-0.004211296265895821
2020-02-18,MSFT,0.001316930978817337
2020-02-18,NVDA,-0.02386039272117362
2020-02-18,TSLA,0.0659610812241871
2020-02-19,AAPL,0.0036098678378378895
2020-02-19,AMD,0.015436424958473884
2020-02-19,AMZN,0.0016123646944490298
2020-02-19,GOOGL,0.005785818049477569
2020-02-19,MSFT,-0.002390158862736159
2020-02-19,NVDA,0.01786846084560146
2020-02-19,TSLA,-0.030680914317440494
2020-02-20,AAPL,0.0036098678378378895
2020-02-20,AMD,-0.043224403506424
2020-02-20,AMZN,0.00731514175919995
2020-02-20,GOOGL,0.0033464216189352572
2020-02-20,MSFT,-0.0021268962407169356
2020-02-20,NVDA,-0.09573156402536788
2020-02-20,TSLA,0.10942081390061004
2020-02-21,AAPL,-0.00031664094329647276
2020-02-21,AMD,-0.03172023231001998
2020-02-21,AMZN,-0.018678370847563384
2020-02-21,GOOGL,-0.0013528920683538895
2020-02-21,MSFT,-0.002727133389437021
2020-02-21,NVDA,-0.035984789616575384
2020-02-21,TSLA,0.24456848274920054
2020-02-24,AAPL,0.005546572679859705
2020-02-24,AMD,0.027662184124761457
2020-02-24,AMZN,0.013446328321709925
2020-02-24,GOOGL,-0.007508898408395527
2020-02-24,MSFT,-0.006812476467038619
2020-02-24,NVDA,-0.011428450947794357
2020-02-24,TSLA,0.261203787884865
2020-02-25,AAPL,0.05918703677288648
2020-02-25,AMD,-0.019607182439814512
2020-02-25,AMZN,0.009773953494263568
2020-02-25,GOOGL,0.013432748800609825
2020-02-25,MSFT,0.01161520230211156
2020-02-25,NVDA,-0.061557481444327315
2020-02-25,TSLA,0.16723907981488736
2020-02-26,AAPL,0.03723072843788772
2020-02-26,AMD,0.051071710689383376
2020-02-26,AMZN,-0.006080276909148245
2020-02-26,GOOGL,0.009461500635311896
2020-02-26,MSFT,-0.006034679267812319
2020-02-26,NVDA,0.05980534961026409
2020-02-26,TSLA,0.24340267209575672
2020-02-27,AAPL,0.048059302050589815
2020-02-27,AMD,0.11339597861665514
2020-02-27,AMZN,-0.005960294243120156
2020-02-27,GOOGL,0.0049484851845557586
2020-02-27,MSFT,-0.03965315510172696
2020-02-27,NVDA,-0.11599062977855537
2020-02-27,TSLA,0.06164686398316168
2020-02-28,AAPL,-0.10236127567105392
2020-02-28,AMD,-0.07445115712003561
2020-02-28,AMZN,-0.010121080185334821
2020-02-28,GOOGL,-0.05379608860163038
2020-02-28,MSFT,-0.04395223035050969
2020-02-28,NVDA,-0.047164227002725476
2020-02-28,TSLA,0.04190771775241685
2020-03-02,AAPL,-0.07901829271331513
2020-03-02,AMD,-0.07876120057797135
2020-03-02,AMZN,-0.060454885087325785
2020-03-02,GOOGL,-0.03206519406897684
2020-03-02,MSFT,-0.12408593767801838
2020-03-02,NVDA,-0.03268389053821369
2020-03-02,TSLA,0.043614067813421205
2020-03-03,AAPL,-0.08180554082296476
2020-03-03,AMD,-0.12342541390100521
2020-03-03,AMZN,-0.010163742310607134
2020-03-03,GOOGL,-0.011708224200527162
2020-03-03,MSFT,-0.05010687474669756
2020-03-03,NVDA,-0.008531880759587438
2020-03-03,TSLA,0.16083595921154992
2020-03-04,AAPL,-0.003970159020075158
2020-03-04,AMD,-0.07631826905847787
2020-03-04,AMZN,-0.014542374790384196
2020-03-04,GOOGL,-0.0013961489154799128
2020-03-04,MSFT,-0.01505923848554953
2020-03-04,NVDA,-0.06680611562620548
2020-03-04,TSLA,0.23488248842185358
2020-03-05,AAPL,-0.018830662898517536
2020-03-05,AMD,0.0063015144809527805
2020-03-05,AMZN,0.0027954270665244167
2020-03-05,GOOGL,0.013880111913407052
2020-03-05,MSFT,-0.0021082057619088396
2020-03-05,NVDA,0.025744343227124218
2020-03-05,TSLA,0.18624890263731994
2020-03-06,AAPL,0.004492485778762731
2020-03-06,AMD,-0.01368079922199444
2020-03-06,AMZN,0.002341625365632697
2020-03-06,GOOGL,0.008885596681923343
2020-03-06,MSFT,-0.007001938969133503
2020-03-06,NVDA,0.001590186185879702
2020-03-06,TSLA,0.11855498404809892
2020-03-09,AAPL,0.018662521253841977
2020-03-09,AMD,0.032767149111703954
2020-03-09,AMZN,0.027474875491417253
2020-03-09,GOOGL,0.03104206995155344
2020-03-09,MSFT,0.03419056814542249
2020-03-09,NVDA,0.05026895129553064
2020-03-09,TSLA,0.1226357938502814
2020-03-10,AAPL,-0.0016108301976633624
2020-03-10,AMD,-0.005600534618660121
2020-03-10,AMZN,0.0006423694557023184
2020-03-10,GOOGL,-0.05410356561589677
2020-03-10,MSFT,-0.03738239393238735
2020-03-10,NVDA,-0.029226700888206787
2020-03-10,TSLA,0.12216274469958519
2020-03-11,AAPL,-0.0064994388978090786
2020-03-11,AMD,0.05070623677740145
2020-03-11,AMZN,0.006200623275369729
2020-03-11,GOOGL,-0.007038445258234608
2020-03-11,MSFT,0.015013797589209345
2020-03-11,NVDA,-0.028373001163677677
2020-03-11,TSLA,0.12489132832440136
2020-03-12,AAPL,-0.012598404734558519
2020-03-12,AMD,0.021550300752594856
2020-03-12,AMZN,0.005867365591075157
2020-03-12,GOOGL,0.008060994505227946
2020-03-12,MSFT,0.0015496931608690104
2020-03-12,NVDA,0.020569127850068508
2020-03-12,TSLA,0.013612647565419887
2020-03-13,AAPL,-0.06455794156085978
2020-03-13,AMD,-0.08429604757858805
2020-03-13,AMZN,-0.05466978015166572
2020-03-13,GOOGL,-0.09303662227564587
2020-03-13,MSFT,-0.05956009779726281
2020-03-13,NVDA,-0.09875936988938813
2020-03-13,TSLA,0.13997919606680354
2020-03-16,AAPL,0.020667428376490167
2020-03-16,AMD,0.0506089266467615
2020-03-16,AMZN,-0.014423072785358359
2020-03-16,GOOGL,-0.00627618795883623
2020-03-16,MSFT,-0.015665925557218664
2020-03-16,NVDA,0.1022100352267196
2020-03-16,TSLA,0.06122340096150907
2020-03-17,AAPL,-0.014044093492738842
2020-03-17,AMD,-0.036177361151519094
2020-03-17,AMZN,-0.050031693988018926
2020-03-17,GOOGL,-0.08328620402830669
2020-03-17,MSFT,-0.054507149925241485
2020-03-17,NVDA,0.050959430480639334
2020-03-17,TSLA,0.057414632604092304
2020-03-18,AAPL,0.03273727445817499
2020-03-18,AMD,-0.10099347223388183
2020-03-18,AMZN,-0.010770208154221951
2020-03-18,GOOGL,-0.03669103066161799
2020-03-18,MSFT,-0.050202450632365114
2020-03-18,NVDA,-0.04959763138639414
2020-03-18,TSLA,0.03254871320304025
2020-03-19,AAPL,0.05003567680000677
2020-03-19,AMD,-0.058689676693729605
2020-03-19,AMZN,0.026160675571303138
2020-03-19,GOOGL,0.03538199744443884
2020-03-19,MSFT,-0.004128280016743764
2020-03-19,NVDA,-0.018015257092765708
2020-03-19,TSLA,0.0663122971595105
2020-03-20,AAPL,-0.053482520023650025
2020-03-20,AMD,-0.05250678380750551
2020-03-20,AMZN,-0.06592609127122338
2020-03-20,GOOGL,-0.06347385350985957
2020-03-20,MSFT,-0.07791105450178115
2020-03-20,NVDA,-0.09550147515041887
2020-03-20,TSLA,-0.027994427465183106
2020-03-23,AAPL,-0.015164924730169909
2020-03-23,AMD,-0.15223247354989095
2020-03-23,AMZN,-0.04378904448579592
2020-03-23,GOOGL,-0.018625848715829833
2020-03-23,MSFT,-0.034283047752982757
2020-03-23,NVDA,-0.044066044587532174
2020-03-23,TSLA,0.10346108394981914
2020-03-24,AAPL,-0.05333899945385336
2020-03-24,AMD,-0.04520023129522775
2020-03-24,AMZN,-0.05414627362901374
2020-03-24,GOOGL,-0.09981274727234532
2020-03-24,MSFT,-0.09308298820225824
2020-03-24,NVDA,-0.005556657622659186
2020-03-24,TSLA,0.14642839090688273
2020-03-25,AAPL,-0.12741061650785154
2020-03-25,AMD,0.005671629945063191
2020-03-25,AMZN,-0.06767493499858507
2020-03-25,GOOGL,-0.022652229497963396
2020-03-25,MSFT,-0.11227717933619646
2020-03-25,NVDA,-0.013721394547379947
2020-03-25,TSLA,0.08021982058186565
2020-03-26,AAPL,-0.07493441301036191
2020-03-26,AMD,-0.030682764987017472
2020-03-26,AMZN,-0.07280263929205387
2020-03-26,GOOGL,-0.03459004827832913
2020-03-26,MSFT,-0.04544644972435977
2020-03-26,NVDA,-0.0607686560426236
2020-03-26,TSLA,0.09225089906856457
2020-03-27,AAPL,-0.04444014075769866
2020-03-27,AMD,-0.035637923581557
2020-03-27,AMZN,-0.04655791225902771
2020-03-27,GOOGL,-0.0559514285517023
2020-03-27,MSFT,-0.02451046648324369
2020-03-27,NVDA,0.007011140326174939
2020-03-27,TSLA,0.002723284294430594
2020-03-30,AAPL,-0.06073196208706731
2020-03-30,AMD,-0.011279150831326502
2020-03-30,AMZN,-0.0712408712732453
2020-03-30,GOOGL,-0.11238342255137444
2020-03-30,MSFT,-0.07289139646439496
2020-03-30,NVDA,-0.035474494133252064
2020-03-30,TSLA,0.00714374718548074
2020-03-31,AAPL,0.008168671138971722
2020-03-31,AMD,-0.11087466434797935
2020-03-31,AMZN,-0.051750949026861004
2020-03-31,GOOGL,-0.046569584327861985
2020-03-31,MSFT,-0.07621550455432828
2020-03-31,NVDA,-0.03698729456607538
2020-03-31,TSLA,0.083125564695556
2020-04-01,AAPL,-0.035148788031037624
2020-04-01,AMD,-0.005975479076908516
2020-04-01,AMZN,-0.012834360647103707
2020-04-01,GOOGL,-0.0615917270958446
2020-04-01,MSFT,-0.08504926325032716
2020-04-01,NVDA,-0.05231922922963658
2020-04-01,TSLA,0.12698936769309985
2020-04-02,AAPL,-0.03882031346093568
2020-04-02,AMD,-0.03898451512526674
2020-04-02,AMZN,-0.007079756652019398
2020-04-02,GOOGL,-0.07115755319165751
2020-04-02,MSFT,-0.0965279723311856
2020-04-02,NVDA,-0.09550592017575399
2020-04-02,TSLA,0.058968589340720065
2020-04-03,AAPL,0.03325311808295118
2020-04-03,AMD,0.03376514145408824
2020-04-03,AMZN,-0.011903067614493088
2020-04-03,GOOGL,-0.008114342768707514
2020-04-03,MSFT,-0.038571262513908015
2020-04-03,NVDA,-0.01705304330687095
2020-04-03,TSLA,0.033719051815471274
2020-04-06,AAPL,-0.045221047962622496
2020-04-06,AMD,-0.12737758741136904
2020-04-06,AMZN,-0.03802451432888279
2020-04-06,GOOGL,-0.04327947164721015
2020-04-06,MSFT,-0.02062768150277803
2020-04-06,NVDA,-0.1150606286320663
2020-04-06,TSLA,-0.07802097305283862
2020-04-07,AAPL,-0.10342882375558059
2020-04-07,AMD,-0.04425663974173246
2020-04-07,AMZN,-0.03431781730344213
2020-04-07,GOOGL,-0.07407852903945226
2020-04-07,MSFT,-0.09591703227514105
2020-04-07,NVDA,-0.09969878023568188
2020-04-07,TSLA,0.07342132833571233
2020-04-08,AAPL,-0.059059335695187225
2020-04-08,AMD,-0.041118458374904646
2020-04-08,AMZN,-0.005085528459390577
2020-04-08,GOOGL,0.0336390835437588
2020-04-08,MSFT,-0.07814959716822824
2020-04-08,NVDA,-0.05949273276142741
2020-04-08,TSLA,-0.022414274605509717
2020-04-09,AAPL,-0.06656731004403368
2020-04-09,AMD,-0.04604964005161446
2020-04-09,AMZN,0.00538847835643232
2020-04-09,GOOGL,-0.053220584900462116
2020-04-09,MSFT,-0.0535494830414006
2020-04-09,NVDA,-0.04669361119827552
2020-04-09,TSLA,0.016811726849764792
2020-04-13,AAPL,-0.05329899960736081
2020-04-13,AMD,-0.035301745429308654
2020-04-13,AMZN,-0.04407865487002332
2020-04-13,GOOGL,-0.05333828172044149
2020-04-13,MSFT,-0.06076752232293439
2020-04-13,NVDA,-0.15886026676451168
2020-04-13,TSLA,-0.0006581910100033157
2020-04-14,AAPL,-0.03077618525615251
2020-04-14,AMD,0.03435720272765654
2020-04-14,AMZN,0.09551576116096712
2020-04-14,GOOGL,-0.01803856188855478
2020-04-14,MSFT,-0.04150237334718085
2020-04-14,NVDA,-0.04620468731508473
2020-04-14,TSLA,-0.03665031719350114
2020-04-15,AAPL,-0.0560154465013978
2020-04-15,AMD,-0.012879747787559775
2020-04-15,AMZN,0.062395183003557154
2020-04-15,GOOGL,-0.08864443031696566
2020-04-15,MSFT,-0.0336296259647024
2020-04-15,NVDA,-0.04491847279022699
2020-04-15,TSLA,-0.03790776807485191
2020-04-16,AAPL,-0.053818577017658166
2020-04-16,AMD,0.0003766745190343475
2020-04-16,AMZN,0.06215976701200643
2020-04-16,GOOGL,-0.056675390489227304
2020-04-16,MSFT,-0.0683803059400458
2020-04-16,NVDA,-0.07576699261814095
2020-04-16,TSLA,-0.04218453200628434
2020-04-17,AAPL,-0.09877431966191391
2020-04-17,AMD,0.06536073484390921
2020-04-17,AMZN,0.01072676321995527
2020-04-17,GOOGL,-0.0554504174460563
2020-04-17,MSFT,0.01470610323570581
2020-04-17,NVDA,0.04831911342257578
2020-04-17,TSLA,-0.07733331262449404
2020-04-20,AAPL,-0.0036464579574104197
2020-04-20,AMD,-0.005480973026118852
2020-04-20,AMZN,0.004058605731164969
2020-04-20,GOOGL,0.016795940605679512
2020-04-20,MSFT,0.0009350874944705996
2020-04-20,NVDA,0.0899465722106155
2020-04-20,TSLA,0.07326018571827511
2020-04-21,AAPL,0.017687796338957385
2020-04-21,AMD,0.002164900889474337
2020-04-21,AMZN,-0.04475129790035721
2020-04-21,GOOGL,-4.1983111335403076e-05
2020-04-21,MSFT,0.0018744823922176648
2020-04-21,NVDA,0.0029541995919203728
2020-04-21,TSLA,0.15498819600702915
2020-04-22,AAPL,-0.004313372335818682
2020-04-22,AMD,-0.04070483502048234
2020-04-22,AMZN,0.008787146388023373
2020-04-22,GOOGL,0.022405061255988745
2020-04-22,MSFT,0.024370134705665302
2020-04-22,NVDA,0.006576265772844876
2020-04-22,TSLA,0.03453453154836517
2020-04-23,AAPL,0.021946890755186306
2020-04-23,AMD,-0.005921589336370522
2020-04-23,AMZN,0.008400594845063069
2020-04-23,GOOGL,0.020818660867105758
2020-04-23,MSFT,0.054143500100884895
2020-04-23,NVDA,0.03334456820181938
2020-04-23,TSLA,0.08693034649941526
2020-04-24,AAPL,0.004778555039773018
2020-04-24,AMD,0.00017486792367122993
2020-04-24,AMZN,0.05057507190594903
2020-04-24,GOOGL,0.00679859976408347
2020-04-24,MSFT,0.05263151429262089
2020-04-24,NVDA,0.019087307486573692
2020-04-24,TSLA,0.016546721711136712
2020-04-27,AAPL,0.019565035260321415
2020-04-27,AMD,0.050977022201635046
2020-04-27,AMZN,-0.011713781283313636
2020-04-27,GOOGL,-0.016466082489115987
2020-04-27,MSFT,0.024565914095425283
2020-04-27,NVDA,-0.016376646016443
2020-04-27,TSLA,0.03726765695276863
2020-04-28,AAPL,0.030796308006882964
2020-04-28,AMD,0.08903757534153733
2020-04-28,AMZN,0.04327002702120682
2020-04-28,GOOGL,-0.024791855293074636
2020-04-28,MSFT,0.02756350969510648
2020-04-28,NVDA,0.004577295392623118
2020-04-28,TSLA,-0.027885086343821884
2020-04-29,AAPL,-0.0026741821791617737
2020-04-29,AMD,0.09947879952468895
2020-04-29,AMZN,0.025394090126917207
2020-04-29,GOOGL,0.007760926651458636
2020-04-29,MSFT,-0.0043001904412131395
2020-04-29,NVDA,0.01995991136166664
2020-04-29,TSLA,0.09097465194608396
2020-04-30,AAPL,0.005245327668227193
2020-04-30,AMD,0.03213708905926822
2020-04-30,AMZN,-0.05028222348672405
2020-04-30,GOOGL,-0.002149043363463125
2020-04-30,MSFT,0.023670844188556167
2020-04-30,NVDA,0.0094891537346442
2020-04-30,TSLA,-0.039611965918869244
2020-05-01,AAPL,0.0011715927507103918
2020-05-01,AMD,0.1619588806701673
2020-05-01,AMZN,0.036588426363701486
2020-05-01,GOOGL,0.012053364100356161
2020-05-01,MSFT,0.020001169318206342
2020-05-01,NVDA,0.028342775030722654
2020-05-01,TSLA,0.0949651360592116
2020-05-04,AAPL,-0.003219815789216615
2020-05-04,AMD,-0.033213588126684304
2020-05-04,AMZN,0.017928721350327248
2020-05-04,GOOGL,0.026127046116347346
2020-05-04,MSFT,0.0005093657998478038
2020-05-04,NVDA,0.07446605661187958
2020-05-04,TSLA,0.00579899704033258
2020-05-05,AAPL,0.021383754437720667
2020-05-05,AMD,0.03710991255113445
2020-05-05,AMZN,0.016049656523044492
2020-05-05,GOOGL,-0.01803023998368558
2020-05-05,MSFT,-0.025531506389214458
2020-05-05,NVDA,0.002131581066383158
2020-05-05,TSLA,-0.006571196440970005
2020-05-06,AAPL,0.03326907712820472
2020-05-06,AMD,0.01683626694174457
2020-05-06,AMZN,0.032348461474791604
2020-05-06,GOOGL,0.016323643682645047
2020-05-06,MSFT,0.0007698104980208254
2020-05-06,NVDA,0.005272906716949533
2020-05-06,TSLA,0.1461566166003153
2020-05-07,AAPL,0.04449575968507182
2020-05-07,AMD,0.01283046313209503
2020-05-07,AMZN,0.03838403985676111
2020-05-07,GOOGL,0.012103181808307974
2020-05-07,MSFT,0.0030289193444442584
2020-05-07,NVDA,-0.030489560565632394
2020-05-07,TSLA,0.17953640672433172
2020-05-08,AAPL,0.009593867539220247
2020-05-08,AMD,-0.0021524417425520283
2020-05-08,AMZN,0.04223555878919661
2020-05-08,GOOGL,0.01963324588859203
2020-05-08,MSFT,0.0013383492369712792
2020-05-08,NVDA,-0.004795711812957222
2020-05-08,TSLA,0.12833145439024718
2020-05-11,AAPL,-0.043919734404807655
2020-05-11,AMD,-0.056508373204371964
2020-05-11,AMZN,0.05529349555889817
2020-05-11,GOOGL,0.007857313328977364
2020-05-11,MSFT,0.0005979492169621563
2020-05-11,NVDA,-0.017507448324559905
2020-05-11,TSLA,0.10452508699577549
2020-05-12,AAPL,-0.04255349664721056
2020-05-12,AMD,-0.05584575204725462
2020-05-12,AMZN,0.020229420512348432
2020-05-12,GOOGL,-0.017518415698795607
2020-05-12,MSFT,0.002474723318213116
2020-05-12,NVDA,-0.013546541188125545
2020-05-12,TSLA,0.0911956291708972
2020-05-13,AAPL,-0.058984021120107526
2020-05-13,AMD,0.011323760071800353
2020-05-13,AMZN,0.008910734381493065
2020-05-13,GOOGL,0.027220370534079743
2020-05-13,MSFT,0.024202301537153158
2020-05-13,NVDA,-0.013525055199905087
2020-05-13,TSLA,0.016351359138197116
2020-05-14,AAPL,-0.06656067024710696
2020-05-14,AMD,-0.09870378434501306
2020-05-14,AMZN,0.012352662154889057
2020-05-14,GOOGL,-0.02616815396932536
2020-05-14,MSFT,0.013341633478135403
2020-05-14,NVDA,-0.09903543549352996
2020-05-14,TSLA,0.01772375820778395
2020-05-15,AAPL,-0.055457981040439024
2020-05-15,AMD,0.015675808306243495
2020-05-15,AMZN,-0.0021922668229600157
2020-05-15,GOOGL,-0.02547305079132124
2020-05-15,MSFT,0.04015274368468814
2020-05-15,NVDA,0.025966629394782212
2020-05-15,TSLA,0.1379663973463532
2020-05-18,AAPL,0.0008978321557023671
2020-05-18,AMD,-0.0024575996974771793
2020-05-18,AMZN,-0.004837679208739589
2020-05-18,GOOGL,-0.009891233396863314
2020-05-18,MSFT,-0.0009974465228426575
2020-05-18,NVDA,-0.00317857214215029
2020-05-18,TSLA,0.08899163831600013
2020-05-19,AAPL,-0.004222769072012309
2020-05-19,AMD,-0.007392773437123605
2020-05-19,AMZN,-0.001879361124991809
2020-05-19,GOOGL,-0.00107590252192026
2020-05-19,MSFT,0.02339572079624219
2020-05-19,NVDA,-0.08508016176483163
2020-05-19,TSLA,0.05277630433739604
2020-05-20,AAPL,0.002220874089987164
2020-05-20,AMD,0.0004002701463088969
2020-05-20,AMZN,-0.001032665521720701
2020-05-20,GOOGL,-0.005555567534663514
2020-05-20,MSFT,0.0027894722939488326
2020-05-20,NVDA,-0.032413107757755036
2020-05-20,TSLA,0.1142117413660867
2020-05-21,AAPL,-0.010947779309845975
2020-05-21,AMD,-0.05681767617493973
2020-05-21,AMZN,-0.008080154877182576
2020-05-21,GOOGL,-0.0038253201155607113
2020-05-21,MSFT,0.02997809632979762
2020-05-21,NVDA,-0.07044190433616099
2020-05-21,TSLA,0.06225436347096074
2020-05-22,AAPL,-0.06162942175198622
2020-05-22,AMD,-0.008381464713524505
2020-05-22,AMZN,0.009463493693191938
2020-05-22,GOOGL,0.005705434842970614
2020-05-22,MSFT,0.000473700523766134
2020-05-22,NVDA,-0.002749063465142743
2020-05-22,TSLA,0.05784290809646181
2020-05-26,AAPL,-0.007223689056266067
2020-05-26,AMD,-0.0003257909710972612
2020-05-26,AMZN,0.008236626493393885
2020-05-26,GOOGL,0.0031808687042493853
2020-05-26,MSFT,0.020634166307430125
2020-05-26,NVDA,-0.06365042835223689
2020-05-26,TSLA,0.10687408102652217
2020-05-27,AAPL,-0.0044487502417943775
2020-05-27,AMD,-0.061742325459538325
2020-05-27,AMZN,0.00010577755089989871
2020-05-27,GOOGL,0.01931750100200316
2020-05-27,MSFT,0.027043067377341395
2020-05-27,NVDA,0.01219618976450158
2020-05-27,TSLA,0.05087419690335984
2020-05-28,AAPL,0.012066767577820051
2020-05-28,AMD,0.038991119015387474
2020-05-28,AMZN,0.01983856308650089
2020-05-28,GOOGL,0.03183534650114758
2020-05-28,MSFT,0.027595473133775496
2020-05-28,NVDA,0.010328083929871492
2020-05-28,TSLA,0.14519450921735064
2020-05-29,AAPL,0.012267228046296591
2020-05-29,AMD,-0.0030974712299036357
2020-05-29,AMZN,0.004976931218042219
2020-05-29,GOOGL,0.006114700033672867
2020-05-29,MSFT,0.032540985754347565
2020-05-29,NVDA,-0.032522153259839676
2020-05-29,TSLA,-0.004327258156915618
2020-06-01,AAPL,0.016202831746085954
2020-06-01,AMD,-0.003653983362031564
2020-06-01,AMZN,0.013368211408332702
2020-06-01,GOOGL,0.01934048389982343
2020-06-01,MSFT,0.03346493078581347
2020-06-01,NVDA,0.020190016579468416
2020-06-01,TSLA,-0.1419491540261663
2020-06-02,AAPL,0.02518132269902729
2020-06-02,AMD,-0.005903425660886565
2020-06-02,AMZN,0.020056947158140173
2020-06-02,GOOGL,0.010701074057855434
2020-06-02,MSFT,0.03250644345464299
2020-06-02,NVDA,0.03400391284376445
2020-06-02,TSLA,-0.059051930942565334
2020-06-03,AAPL,0.01272936750801966
2020-06-03,AMD,0.0038614789734484328
2020-06-03,AMZN,0.015427842847995688
2020-06-03,GOOGL,0.019822846469568035
2020-06-03,MSFT,0.025960242365801942
2020-06-03,NVDA,0.018564294374617787
2020-06-03,TSLA,0.06236404064537557
2020-06-04,AAPL,0.01798659939442834
2020-06-04,AMD,0.03461805098418653
2020-06-04,AMZN,0.027055652284678978
2020-06-04,GOOGL,0.02474994923693463
2020-06-04,MSFT,0.02370357142644503
2020-06-04,NVDA,0.08142750831216604
2020-06-04,TSLA,0.0027075696439648315
2020-06-05,AAPL,0.009131074028021196
2020-06-05,AMD,-0.00235767873171925
2020-06-05,AMZN,0.01946300022947144
2020-06-05,GOOGL,0.01179622291517921
2020-06-05,MSFT,0.013430142816331106
2020-06-05,NVDA,0.055474024990239734
2020-06-05,TSLA,0.043383960015914984
2020-06-08,AAPL,0.01845107001821508
2020-06-08,AMD,0.006534306666587499
2020-06-08,AMZN,0.036421528562563255
2020-06-08,GOOGL,0.021092209101348094
2020-06-08,MSFT,0.03742885068297569
2020-06-08,NVDA,0.014126561765927595
2020-06-08,TSLA,-0.17930107205718968
2020-06-09,AAPL,0.08956017118654926
2020-06-09,AMD,-0.025964489264106824
2020-06-09,AMZN,0.039753970208286554
2020-06-09,GOOGL,0.004709670041992867
2020-06-09,MSFT,0.02230856197039507
2020-06-09,NVDA,-0.0030268802234331487
2020-06-09,TSLA,-0.07372217156232026
2020-06-10,AAPL,0.022633277802679708
2020-06-10,AMD,-0.05163388637440092
2020-06-10,AMZN,-0.04544444301609069
2020-06-10,GOOGL,0.009568043531709198
2020-06-10,MSFT,0.04898927940643604
2020-06-10,NVDA,0.01783027950188699
2020-06-10,TSLA,0.03296706045545342
2020-06-11,AAPL,-0.02403215965535458
2020-06-11,AMD,0.007294280942886019
2020-06-11,AMZN,-0.0457553092918559
2020-06-11,GOOGL,0.018718112702512193
2020-06-11,MSFT,0.016752464853023317
2020-06-11,NVDA,-0.03718247447780198
2020-06-11,TSLA,-0.015271103505569641
2020-06-12,AAPL,-0.002615099443419064
2020-06-12,AMD,-0.009675041237565823
2020-06-12,AMZN,-0.001990938042239671
2020-06-12,GOOGL,0.032689271698831984
2020-06-12,MSFT,0.026633902100535248
2020-06-12,NVDA,0.015314477284220489
2020-06-12,TSLA,0.018247188187215248
2020-06-15,AAPL,-0.0005173093963990231
2020-06-15,AMD,-0.036010980930078214
2020-06-15,AMZN,0.003954968762963659
2020-06-15,GOOGL,0.023847488680383232
2020-06-15,MSFT,0.02758535095635105
2020-06-15,NVDA,-0.052179233260228275
2020-06-15,TSLA,-0.08995300281432508
2020-06-16,AAPL,-0.0009670574883867936
2020-06-16,AMD,0.00812129907298821
2020-06-16,AMZN,-0.0030625250164021036
2020-06-16,GOOGL,0.018035209034050478
2020-06-16,MSFT,-0.0017327728427054476
2020-06-16,NVDA,-0.006931712955073336
2020-06-16,TSLA,-0.034311976684452634
2020-06-17,AAPL,0.04375921713640261
2020-06-17,AMD,-0.003197908559979464
2020-06-17,AMZN,0.00967306985398167
2020-06-17,GOOGL,0.02135558091082603
2020-06-17,MSFT,0.035644930620312036
2020-06-17,NVDA,-7.04361300060084e-05
2020-06-17,TSLA,-0.028336287417332486
2020-06-18,AAPL,0.030237650945480317
2020-06-18,AMD,-0.0027913522964956457
2020-06-18,AMZN,0.005560890098840943
2020-06-18,GOOGL,0.015406254611178546
2020-06-18,MSFT,0.03356843570116774
2020-06-18,NVDA,0.012433457195357395
2020-06-18,TSLA,-0.0013959536388143798
2020-06-19,AAPL,0.0015737190702447392
2020-06-19,AMD,0.010277917395095662
2020-06-19,AMZN,-0.0068520014142462796
2020-06-19,GOOGL,0.0012959922792014004
2020-06-19,MSFT,0.000691942591366666
2020-06-19,NVDA,0.01601907875977736
2020-06-19,TSLA,0.08370081638912001
2020-06-22,AAPL,0.03449346824123265
2020-06-22,AMD,-0.0008839000569933057
2020-06-22,AMZN,0.0001144027613807932
2020-06-22,GOOGL,0.011257046625976177
2020-06-22,MSFT,-0.004981879050186277
2020-06-22,NVDA,0.007124196766394425
2020-06-22,TSLA,0.08903037787473038
2020-06-23,AAPL,0.02104230170436235
2020-06-23,AMD,-0.0024165156009639684
2020-06-23,AMZN,-0.0020462657155052803
2020-06-23,GOOGL,-0.000673742161333459
2020-06-23,MSFT,-0.006507667958696912
2020-06-23,NVDA,0.002529209460508726
2020-06-23,TSLA,0.11316860394962709
2020-06-24,AAPL,0.007635660364470622
2020-06-24,AMD,0.010753095297865256
2020-06-24,AMZN,-0.006702413431067825
2020-06-24,GOOGL,0.0012663978970759552
2020-06-24,MSFT,-0.008951126503341737
2020-06-24,NVDA,0.0003630975637655696
2020-06-24,TSLA,-0.006929810131537968
2020-06-25,AAPL,0.010513267853472372
2020-06-25,AMD,-0.005289168319198281
2020-06-25,AMZN,0.003475613090896133
2020-06-25,GOOGL,0.010039718733361933
2020-06-25,MSFT,0.013865384127357714
2020-06-25,NVDA,-0.009766977351564215
2020-06-25,TSLA,-0.06593916143134686
2020-06-26,AAPL,-0.009460747563979407
2020-06-26,AMD,-0.011437383744561835
2020-06-26,AMZN,0.0016515774246648393
2020-06-26,GOOGL,-0.016548344075451478
2020-06-26,MSFT,0.0056699704879751185
2020-06-26,NVDA,0.012075626312976056
2020-06-26,TSLA,-0.03614320336804485
2020-06-29,AAPL,0.005113591723083437
2020-06-29,AMD,-0.008056733835872347
2020-06-29,AMZN,-0.0032671397889810485
2020-06-29,GOOGL,-0.0014351677872603318
2020-06-29,MSFT,0.014539013710787922
2020-06-29,NVDA,0.0010690890479004604
2020-06-29,TSLA,-0.04950149495676462
2020-06-30,AAPL,0.006840795429456784
2020-06-30,AMD,0.001272076295901725
2020-06-30,AMZN,0.004756966170484486
2020-06-30,GOOGL,0.013687620083812132
2020-06-30,MSFT,-0.0019208383619132132
2020-06-30,NVDA,0.00018237471873882612
2020-06-30,TSLA,0.07257117711438675
2020-07-01,AAPL,0.008763793024225055
2020-07-01,AMD,0.002914071589787608
2020-07-01,AMZN,0.021626318024001872
2020-07-01,GOOGL,-0.009514665187674392
2020-07-01,MSFT,-0.007333477668154257
2020-07-01,NVDA,0.01125571764744836
2020-07-01,TSLA,0.026191395594530466
2020-07-02,AAPL,0.008763793024225055
2020-07-02,AMD,0.00373782427749542
2020-07-02,AMZN,0.0036939642800727507
2020-07-02,GOOGL,-0.008901768122423081
2020-07-02,MSFT,-0.005936837647785702
2020-07-02,NVDA,0.0097771276092113
2020-07-02,TSLA,0.07432612111723762
2020-07-06,AAPL,0.005733984585272161
2020-07-06,AMD,0.0011046198458441897
2020-07-06,AMZN,0.05766427933159902
2020-07-06,GOOGL,-0.023986045853917535
2020-07-06,MSFT,0.001046438488465691
2020-07-06,NVDA,0.028969340978123086
2020-07-06,TSLA,0.058895045286728995
2020-07-07,AAPL,0.0037392475633025975
2020-07-07,AMD,0.014269105290244478
2020-07-07,AMZN,-0.01458533876390868
2020-07-07,GOOGL,-0.0035058964743819457
2020-07-07,MSFT,-0.006215082533095575
2020-07-07,NVDA,0.02843187227512077
2020-07-07,TSLA,0.015079814477991796
2020-07-08,AAPL,0.0032807521844986356
2020-07-08,AMD,-0.003568890454359093
2020-07-08,AMZN,-0.03460692371878902
2020-07-08,GOOGL,-0.009916069820040316
2020-07-08,MSFT,-0.0028456409663779607
2020-07-08,NVDA,0.041181104938520056
2020-07-08,TSLA,0.08523735199409897
2020-07-09,AAPL,0.0100931621194654
2020-07-09,AMD,0.012808981065288836
2020-07-09,AMZN,-0.07539120708004692
2020-07-09,GOOGL,-0.02375663050244233
2020-07-09,MSFT,-0.009461273447719912
2020-07-09,NVDA,0.0033597781824287356
2020-07-09,TSLA,0.04106221619704624
2020-07-10,AAPL,0.001954812066557435
2020-07-10,AMD,-0.0009014378058217283
2020-07-10,AMZN,-0.00011763902091544939
2020-07-10,GOOGL,-0.02420482385707607
2020-07-10,MSFT,-0.008294113436105942
2020-07-10,NVDA,0.003844458398405
2020-07-10,TSLA,0.09282317969931629
2020-07-13,AAPL,0.0019360477041176082
2020-07-13,AMD,0.05519387989894847
2020-07-13,AMZN,-0.013646510105102308
2020-07-13,GOOGL,8.459267524940921e-05
2020-07-13,MSFT,-0.015695570776840168
2020-07-13,NVDA,-0.01437262403784738
2020-07-13,TSLA,-0.0485504470136656
2020-07-14,AAPL,-0.00629478566949479
2020-07-14,AMD,-0.003641975126010609
2020-07-14,AMZN,0.000414344593781577
2020-07-14,GOOGL,0.0018058535657074846
2020-07-14,MSFT,-0.008328923935950657
2020-07-14,NVDA,-0.05475556552346362
2020-07-14,TSLA,-0.028599362433679845
2020-07-15,AAPL,0.0005677384465551407
2020-07-15,AMD,-0.020527952131580138
2020-07-15,AMZN,0.013078436109178608
2020-07-15,GOOGL,-0.004130976230029955
2020-07-15,MSFT,-0.005543675114717383
2020-07-15,NVDA,0.0027629603123952603
2020-07-15,TSLA,-0.044223109309052225
2020-07-16,AAPL,0.007854000096038649
2020-07-16,AMD,0.050025821378988526
2020-07-16,AMZN,0.01623037615221969
2020-07-16,GOOGL,0.008664735316828067
2020-07-16,MSFT,0.003059350330546034
2020-07-16,NVDA,0.00809566843225152
2020-07-16,TSLA,-0.008727055269482592
2020-07-17,AAPL,0.006959220983013183
2020-07-17,AMD,-0.00875415315155846
2020-07-17,AMZN,0.043323800849750405
2020-07-17,GOOGL,-0.0009189819609053899
2020-07-17,MSFT,0.0007343468793553011
2020-07-17,NVDA,0.016964224179218293
2020-07-17,TSLA,0.050126635798724
2020-07-20,AAPL,0.019895185358503393
2020-07-20,AMD,-0.03577663655204142
2020-07-20,AMZN,0.04544081209401113
2020-07-20,GOOGL,-0.008812715617780974
2020-07-20,MSFT,0.0029156272880142184
2020-07-20,NVDA,0.01182447080709912
2020-07-20,TSLA,0.05421308252528364
2020-07-21,AAPL,0.0007005812333543749
2020-07-21,AMD,0.009418358314758818
2020-07-21,AMZN,0.029484876679161626
2020-07-21,GOOGL,-0.012644091804067881
2020-07-21,MSFT,0.004042029296302157
2020-07-21,NVDA,0.0066557463562067565
2020-07-21,TSLA,0.14501516009655666
2020-07-22,AAPL,0.00997498509096242
2020-07-22,AMD,0.0825280242055933
2020-07-22,AMZN,0.017837720927519528
2020-07-22,GOOGL,-0.0014749191881378066
2020-07-22,MSFT,-0.001332499724078051
2020-07-22,NVDA,-0.0027958111567434134
2020-07-22,TSLA,0.0185700397040213
2020-07-23,AAPL,0.029506527682937236
2020-07-23,AMD,-0.025343765452690438
2020-07-23,AMZN,-0.02137204174123056
2020-07-23,GOOGL,-0.015144347516157005
2020-07-23,MSFT,-0.004140894038483717
2020-07-23,NVDA,-0.007897059160399152
2020-07-23,TSLA,-0.15583416208289902
2020-07-24,AAPL,-0.005237333262279563
2020-07-24,AMD,0.19969100873984025
2020-07-24,AMZN,-0.0006248952914100223
2020-07-24,GOOGL,0.02847330471059073
2020-07-24,MSFT,-0.0006933704809422705
2020-07-24,NVDA,0.009161185472614138
2020-07-24,TSLA,-0.01656177687221733
2020-07-27,AAPL,0.0036002131618049892
2020-07-27,AMD,0.09528862918014235
2020-07-27,AMZN,0.02298400302145119
2020-07-27,GOOGL,0.0031674107336057866
2020-07-27,MSFT,0.005496003004858551
2020-07-27,NVDA,0.011439603594185502
2020-07-27,TSLA,-0.05137511510202329
2020-07-28,AAPL,0.0002430534284600751
2020-07-28,AMD,-0.10867721514604449
2020-07-28,AMZN,0.04960604532585078
2020-07-28,GOOGL,0.0004010840216168645
2020-07-28,MSFT,-0.010357928778681285
2020-07-28,NVDA,0.024453520426447696
2020-07-28,TSLA,-0.07342450232358608
2020-07-29,AAPL,0.0011100058990258987
2020-07-29,AMD,0.06709136839473642
2020-07-29,AMZN,0.00013379901798983503
2020-07-29,GOOGL,0.003963695880995351
2020-07-29,MSFT,-0.005235773484048964
2020-07-29,NVDA,0.013031506734501961
2020-07-29,TSLA,-0.10296373241686355
2020-07-30,AAPL,0.0026404132256907516
2020-07-30,AMD,0.10227868257375378
2020-07-30,AMZN,-0.0015695311495465972
2020-07-30,GOOGL,-0.0028138862703719915
2020-07-30,MSFT,0.001961354058313107
2020-07-30,NVDA,0.007230265944521603
2020-07-30,TSLA,-0.09345923155749554
2020-07-31,AAPL,0.06400118324909077
2020-07-31,AMD,0.09859306878955139
2020-07-31,AMZN,-0.022973675603558927
2020-07-31,GOOGL,-0.022441723664680994
2020-07-31,MSFT,0.00035478265400602267
2020-07-31,NVDA,0.008289082341255097
2020-07-31,TSLA,-0.035117487563079496
2020-08-03,AAPL,0.026609633660348277
2020-08-03,AMD,0.022872326717240557
2020-08-03,AMZN,-0.004923407321773833
2020-08-03,GOOGL,-0.004738422171591603
2020-08-03,MSFT,-0.013713217412698868
2020-08-03,NVDA,-0.0035494548414420945
2020-08-03,TSLA,-0.06359294622988129
2020-08-04,AAPL,0.04642864817871727
2020-08-04,AMD,0.06241138284537706
2020-08-04,AMZN,-0.006400455260893494
2020-08-04,GOOGL,-0.0063056938997208215
2020-08-04,MSFT,-0.004605792265938702
2020-08-04,NVDA,0.0037117806402564967
2020-08-04,TSLA,-0.03130106327006627
2020-08-05,AAPL,-0.03827832710531741
2020-08-05,AMD,0.03457535363035984
2020-08-05,AMZN,-0.020044659399612155
2020-08-05,GOOGL,-0.005455319757392649
2020-08-05,MSFT,-0.011155726408560364
2020-08-05,NVDA,-0.004572584660396393
2020-08-05,TSLA,-0.09666200569985109
2020-08-06,AAPL,-0.02880940289600972
2020-08-06,AMD,0.042934377267472325
2020-08-06,AMZN,-0.008257294499692161
2020-08-06,GOOGL,0.0013033095392415359
2020-08-06,MSFT,-0.013703384252618387
2020-08-06,NVDA,0.02080460921030977
2020-08-06,TSLA,-0.0616312028923601
2020-08-07,AAPL,-0.026069970380185645
2020-08-07,AMD,0.07762956280153602
2020-08-07,AMZN,-0.007290155872609358
2020-08-07,GOOGL,0.0007090885803823165
2020-08-07,MSFT,-0.0065441215069291115
2020-08-07,NVDA,0.013755177459241603
2020-08-07,TSLA,-0.0530535553943525
2020-08-10,AAPL,0.0025604160173570705
2020-08-10,AMD,0.04915535345176162
2020-08-10,AMZN,0.001709093524526166
2020-08-10,GOOGL,0.008523956634038071
2020-08-10,MSFT,0.0017887981047775444
2020-08-10,NVDA,0.017330482679367133
2020-08-10,TSLA,0.02098766162864843
2020-08-11,AAPL,-0.036234048942042775
2020-08-11,AMD,0.08756511411783569
2020-08-11,AMZN,0.007029988471702712
2020-08-11,GOOGL,0.00286044335215255
2020-08-11,MSFT,0.0017887981047775444
2020-08-11,NVDA,0.055628667495125524
2020-08-11,TSLA,0.007894479300016174
2020-08-12,AAPL,0.0064481537128178255
2020-08-12,AMD,0.0543342009821575
2020-08-12,AMZN,0.002915714883764161
2020-08-12,GOOGL,0.01245273867545927
2020-08-12,MSFT,0.0006348971359669536
2020-08-12,NVDA,-0.03880681482952697
2020-08-12,TSLA,-0.09448251588996119
2020-08-13,AAPL,-0.004581478325917226
2020-08-13,AMD,0.015438754081616738
2020-08-13,AMZN,0.003076135061893229
2020-08-13,GOOGL,0.005472598682788499
2020-08-13,MSFT,-0.001791818926694408
2020-08-13,NVDA,-0.008386546166143812
2020-08-13,TSLA,0.0016334903990641153
2020-08-14,AAPL,0.029649601995261177
2020-08-14,AMD,0.015442384416265944
2020-08-14,AMZN,0.0030333475761062686
2020-08-14,GOOGL,0.008249080845783022
2020-08-14,MSFT,0.004408750581400855
2020-08-14,NVDA,-0.0009428157140255837
2020-08-14,TSLA,-0.08866217446097441
2020-08-17,AAPL,0.03865760397135486
2020-08-17,AMD,-0.0658370677450665
2020-08-17,AMZN,-0.001068810680080846
2020-08-17,GOOGL,0.0039088448458293994
2020-08-17,MSFT,-0.007286114931347225
2020-08-17,NVDA,-0.0021981486210549024
2020-08-17,TSLA,0.021154625815199838
2020-08-18,AAPL,0.05376396435819459
2020-08-18,AMD,0.039763646937991705
2020-08-18,AMZN,-0.010743654257708981
2020-08-18,GOOGL,-0.00882191541319892
2020-08-18,MSFT,0.0006845286015301039
2020-08-18,NVDA,-0.02056242787472746
2020-08-18,TSLA,0.04303759518324096
2020-08-19,AAPL,0.04786893236283288
2020-08-19,AMD,0.039119454476387185
2020-08-19,AMZN,-0.0035365558887865845
2020-08-19,GOOGL,-0.006523534209490804
2020-08-19,MSFT,0.006706931058908743
2020-08-19,NVDA,-0.016508720465727007
2020-08-19,TSLA,0.043203818317662825
2020-08-20,AAPL,0.06400270398390637
2020-08-20,AMD,0.010056707226932795
2020-08-20,AMZN,-0.0011699924073396396
2020-08-20,GOOGL,-0.007931861118429763
2020-08-20,MSFT,-0.0089792063212987
2020-08-20,NVDA,-0.001897287423770893
2020-08-20,TSLA,0.07078692446539156
2020-08-21,AAPL,0.07536652363778117
2020-08-21,AMD,-0.003157464696826269
2020-08-21,AMZN,0.009412034543825807
2020-08-21,GOOGL,0.0037885626793828855
2020-08-21,MSFT,-0.003659786081493227
2020-08-21,NVDA,0.03326067418981246
2020-08-21,TSLA,0.03895690135398626
2020-08-24,AAPL,0.07969992923241906
2020-08-24,AMD,0.010114154493953129
2020-08-24,AMZN,0.006540981686353104
2020-08-24,GOOGL,-0.009202880698149687
2020-08-24,MSFT,-0.004539314817272043
2020-08-24,NVDA,-0.03240518490276276
2020-08-24,TSLA,-0.013437360143743093
2020-08-25,AAPL,0.09897029225615718
2020-08-25,AMD,-0.00815018647359757
2020-08-25,AMZN,-0.0023338287960718595
2020-08-25,GOOGL,-0.008822889541387009
2020-08-25,MSFT,-0.011429912941832276
2020-08-25,NVDA,0.03632048661767856
2020-08-25,TSLA,0.07651597315607638
2020-08-26,AAPL,0.0556172309091596
2020-08-26,AMD,0.01634333717087577
2020-08-26,AMZN,0.007981388551449448
2020-08-26,GOOGL,-0.008694749390157151
2020-08-26,MSFT,-0.012602139480821374
2020-08-26,NVDA,0.04729521334847531
2020-08-26,TSLA,-0.0870979340836155
2020-08-27,AAPL,0.058298814065424406
2020-08-27,AMD,0.06888447183180817
2020-08-27,AMZN,0.00837446405129709
2020-08-27,GOOGL,-0.01556427310035923
2020-08-27,MSFT,0.004516215115341978
2020-08-27,NVDA,0.04745724087647492
2020-08-27,TSLA,-0.1726463157915993
2020-08-28,AAPL,0.006021413288749856
2020-08-28,AMD,0.01804116849481281
2020-08-28,AMZN,0.0028579341467779864
2020-08-28,GOOGL,-0.015547725067389127
2020-08-28,MSFT,-0.0005530932750187928
2020-08-28,NVDA,0.06520452520936006
2020-08-28,TSLA,-0.13056615637560934
2020-08-31,AAPL,0.04666313669195193
2020-08-31,AMD,-0.06539227726835613
2020-08-31,AMZN,0.007987685577409727
2020-08-31,GOOGL,-0.009834091256728402
2020-08-31,MSFT,-0.016174597050089206
2020-08-31,NVDA,0.07063904608816625
2020-08-31,TSLA,0.11315399777007533
2020-09-01,AAPL,0.04312136342726798
2020-09-01,AMD,0.03335468020306153
2020-09-01,AMZN,0.003436994775612541
2020-09-01,GOOGL,-0.014553620733492659
2020-09-01,MSFT,-0.01677304217506639
2020-09-01,NVDA,0.03631694191039191
2020-09-01,TSLA,-0.035654600693688615
2020-09-02,AAPL,0.016281440235023543
2020-09-02,AMD,-0.026272705736377664
2020-09-02,AMZN,-0.003929485496477218
2020-09-02,GOOGL,0.01012379534816968
2020-09-02,MSFT,-0.013195717318706578
2020-09-02,NVDA,0.055294481961530764
2020-09-02,TSLA,0.09690626916005601
2020-09-03,AAPL,0.07980224212993312
2020-09-03,AMD,0.09081597842445094
2020-09-03,AMZN,0.0007754817605694301
2020-09-03,GOOGL,-0.003141533422801252
2020-09-03,MSFT,-0.01758792003975803
2020-09-03,NVDA,0.08862795423965174
2020-09-03,TSLA,0.11281601828571346
2020-09-04,AAPL,0.09081762002821288
2020-09-04,AMD,0.02667943176933658
2020-09-04,AMZN,0.007827380587563475
2020-09-04,GOOGL,-0.005734053513910504
2020-09-04,MSFT,-0.0074344139149829565
2020-09-04,NVDA,0.02343564155159275
2020-09-04,TSLA,0.07532373455655317
2020-09-08,AAPL,0.07168390394984203
2020-09-08,AMD,0.06855393267219768
2020-09-08,AMZN,0.07407833212144234
2020-09-08,GOOGL,0.013132623057817176
2020-09-08,MSFT,0.0731815456104888
2020-09-08,NVDA,0.01755229700841951
2020-09-08,TSLA,0.07384903647194391
2020-09-09,AAPL,0.03889257879809293
2020-09-09,AMD,-0.00558718382120441
2020-09-09,AMZN,0.007026317623406719
2020-09-09,GOOGL,0.008809526506268527
2020-09-09,MSFT,0.007711796710529112
2020-09-09,NVDA,0.01669318352001864
2020-09-09,TSLA,0.003644056782133651
2020-09-10,AAPL,-0.011578253112055169
2020-09-10,AMD,0.05159925221589654
2020-09-10,AMZN,-0.00035560515753389684
2020-09-10,GOOGL,0.013052773249734227
2020-09-10,MSFT,-0.009634030142110069
2020-09-10,NVDA,0.008066391449066915
2020-09-10,TSLA,0.06137146741033365
2020-09-11,AAPL,0.00475739773777955
2020-09-11,AMD,-0.020837782449462543
2020-09-11,AMZN,0.008978619435909472
2020-09-11,GOOGL,0.002815269970315071
2020-09-11,MSFT,0.004154660849652136
2020-09-11,NVDA,0.0006537886774996423
2020-09-11,TSLA,-0.0062792384067067745
2020-09-14,AAPL,-0.018890422742392
2020-09-14,AMD,-0.024559096492389396
2020-09-14,AMZN,0.0031919995079608683
2020-09-14,GOOGL,-0.003108183839602309
2020-09-14,MSFT,0.007510145838884462
2020-09-14,NVDA,-0.033864893460917006
2020-09-14,TSLA,-0.06559144377339887
2020-09-15,AAPL,0.001154261633270735
2020-09-15,AMD,-0.05351552790694334
2020-09-15,AMZN,-0.006158147624125086
2020-09-15,GOOGL,0.004126669727143583
2020-09-15,MSFT,0.005655507695632035
2020-09-15,NVDA,-0.021499974125697638
2020-09-15,TSLA,0.1495177762734593
2020-09-16,AAPL,-0.009335895038575378
2020-09-16,AMD,0.004121944137845014
2020-09-16,AMZN,-0.007199919442753819
2020-09-16,GOOGL,0.005832082024320314
2020-09-16,MSFT,-0.0024594355529188546
2020-09-16,NVDA,-0.025498019883704745
2020-09-16,TSLA,0.15582477223892688
2020-09-17,AAPL,0.0029451597529051568
2020-09-17,AMD,-0.04072644857265347
2020-09-17,AMZN,0.0015447557352376694
2020-09-17,GOOGL,-0.00719082986278171
2020-09-17,MSFT,-0.01037315021125168
2020-09-17,NVDA,0.004529792698390454
2020-09-17,TSLA,0.1489177842788108
2020-09-18,AAPL,0.0036382182654244154
2020-09-18,AMD,-0.025997648984629623
2020-09-18,AMZN,-0.0013281855933759419
2020-09-18,GOOGL,-0.002797085687865261
2020-09-18,MSFT,-0.00956044357346814
2020-09-18,NVDA,0.001970629705816826
2020-09-18,TSLA,0.009622811013104492
2020-09-21,AAPL,-0.061225569860168604
2020-09-21,AMD,-0.08300285320884103
2020-09-21,AMZN,-0.003107535457432474
2020-09-21,GOOGL,-0.011977278212941516
2020-09-21,MSFT,-0.003250683660990774
2020-09-21,NVDA,-0.05861323946520674
2020-09-21,TSLA,0.026167511628359293
2020-09-22,AAPL,0.02641657662238799
2020-09-22,AMD,0.01449627068857049
2020-09-22,AMZN,-0.0032310471135420125
2020-09-22,GOOGL,0.02380266411596607
2020-09-22,MSFT,-0.009911895659616083
2020-09-22,NVDA,0.016383603263333657
2020-09-22,TSLA,0.09772274299456117
2020-09-23,AAPL,0.018535892726405656
2020-09-23,AMD,-0.013363258677487735
2020-09-23,AMZN,1.4749309772512916e-05
2020-09-23,GOOGL,0.0024718197828178874
2020-09-23,MSFT,0.025272785097570364
2020-09-23,NVDA,-0.005323863722522068
2020-09-23,TSLA,0.08567416557376681
2020-09-24,AAPL,0.017980227680063975
2020-09-24,AMD,0.02501924064050076
2020-09-24,AMZN,0.010203847550852067
2020-09-24,GOOGL,0.007070818158706836
2020-09-24,MSFT,0.003889834270749596
2020-09-24,NVDA,0.0046913952000964855
2020-09-24,TSLA,0.04935658904847681
2020-09-25,AAPL,-0.001722622251839374
2020-09-25,AMD,-0.010051454329481882
2020-09-25,AMZN,-0.008942465242467813
2020-09-25,GOOGL,0.004542733849290806
2020-09-25,MSFT,-0.006022309504682921
2020-09-25,NVDA,-0.07131080069995807
2020-09-25,TSLA,-0.018876139537913905
2020-09-28,AAPL,-0.029164895629933255
2020-09-28,AMD,-0.01282293668300289
2020-09-28,AMZN,-0.009772998391378095
2020-09-28,GOOGL,0.0021582550947503044
2020-09-28,MSFT,-0.005716571927419289
2020-09-28,NVDA,-0.038504608962461793
2020-09-28,TSLA,-0.09089074935835549
2020-09-29,AAPL,0.024240577805037522
2020-09-29,AMD,-0.07041576507712603
2020-09-29,AMZN,0.004029384797058856
2020-09-29,GOOGL,-0.0031593561486155473
2020-09-29,MSFT,-0.004910992190116771
2020-09-29,NVDA,-0.03550217717281213
2020-09-29,TSLA,0.04054296064287062
2020-09-30,AAPL,-0.016794665687559735
2020-09-30,AMD,-0.08133272501788591
2020-09-30,AMZN,0.004472943687050846
2020-09-30,GOOGL,0.00019573820260292255
2020-09-30,MSFT,-0.012678157045812497
2020-09-30,NVDA,-0.0752601682174143
2020-09-30,TSLA,-0.04919481263317692
2020-10-01,AAPL,-0.05480614133996261
2020-10-01,AMD,-0.06609807718057507
2020-10-01,AMZN,-0.04258607794166907
2020-10-01,GOOGL,-0.006083494323632892
2020-10-01,MSFT,-0.014975090847876328
2020-10-01,NVDA,-0.03586350777869957
2020-10-01,TSLA,-0.09160478367162857
2020-10-02,AAPL,0.027409498853463967
2020-10-02,AMD,-0.03345283730327322
2020-10-02,AMZN,-0.010872785536062331
2020-10-02,GOOGL,-0.010753810012432087
2020-10-02,MSFT,-0.005819627824338251
2020-10-02,NVDA,0.006945288959230588
2020-10-02,TSLA,-0.05788903674170588
2020-10-05,AAPL,-0.03114422086748833
2020-10-05,AMD,-0.08540988521574437
2020-10-05,AMZN,-0.040194882846320126
2020-10-05,GOOGL,-0.001911555501802032
2020-10-05,MSFT,0.00020007441200720972
2020-10-05,NVDA,-0.019395648220182523
2020-10-05,TSLA,-0.06124277910279098
2020-10-06,AAPL,-0.011777676861800831
2020-10-06,AMD,-0.09227621696790063
2020-10-06,AMZN,-0.005382270860583727
2020-10-06,GOOGL,0.0012942904365131575
2020-10-06,MSFT,-0.004186400535250245
2020-10-06,NVDA,-0.028738797188012
2020-10-06,TSLA,0.0005221327872505423
2020-10-07,AAPL,0.0008107064262782692
2020-10-07,AMD,-0.04843148401892964
2020-10-07,AMZN,-0.03909218326340733
2020-10-07,GOOGL,-0.00027398236516854827
2020-10-07,MSFT,0.0013762010730085422
2020-10-07,NVDA,-0.025010643586093177
2020-10-07,TSLA,-0.052262803591037715
2020-10-08,AAPL,0.008834809016242427
2020-10-08,AMD,-0.09551293235950152
2020-10-08,AMZN,-0.01637123100178245
2020-10-08,GOOGL,-0.003933582509293377
2020-10-08,MSFT,0.001356236338226682
2020-10-08,NVDA,-0.0032584096643289116
2020-10-08,TSLA,-0.0009071548410100533
2020-10-09,AAPL,-0.023155526239564163
2020-10-09,AMD,-0.011416215688668659
2020-10-09,AMZN,-0.04936956162995297
2020-10-09,GOOGL,-0.04324491614897454
2020-10-09,MSFT,-0.02680334355337772
2020-10-09,NVDA,0.008933349465937091
2020-10-09,TSLA,0.020298075816285205
2020-10-12,AAPL,-0.03482496898267946
2020-10-12,AMD,0.0016900226557065561
2020-10-12,AMZN,-0.09313595354913325
2020-10-12,GOOGL,-0.07959082883284099
2020-10-12,MSFT,-0.025361614338989247
2020-10-12,NVDA,-0.0016427776199899428
2020-10-12,TSLA,-0.024170193790710486
2020-10-13,AAPL,-0.07416720131051965
2020-10-13,AMD,-0.0006008407896048852
2020-10-13,AMZN,-0.049490440884776964
2020-10-13,GOOGL,-0.05431518750114377
2020-10-13,MSFT,0.02099363783496487
2020-10-13,NVDA,-0.002372580015939603
2020-10-13,TSLA,-0.029996142516710733
2020-10-14,AAPL,-0.004085924908837468
2020-10-14,AMD,0.02642245624640089
2020-10-14,AMZN,0.003006859210821889
2020-10-14,GOOGL,-0.0011497674614235345
2020-10-14,MSFT,-0.0037087308888747476
2020-10-14,NVDA,-0.005859245102376442
2020-10-14,TSLA,-0.021674889362480545
2020-10-15,AAPL,-0.017884785940076267
2020-10-15,AMD,0.004741952994766919
2020-10-15,AMZN,0.008563969512636844
2020-10-15,GOOGL,-0.02077714737046149
2020-10-15,MSFT,-0.012636327489605229
2020-10-15,NVDA,0.02150548095731492
2020-10-15,TSLA,-0.03085595510985013
2020-10-16,AAPL,-0.01889035803934738
2020-10-16,AMD,0.012998042837742415
2020-10-16,AMZN,-0.005272165962690116
2020-10-16,GOOGL,-0.013955184144352522
2020-10-16,MSFT,-0.00210598297567922
2020-10-16,NVDA,0.024625368024312987
2020-10-16,TSLA,0.005199529213685872
2020-10-19,AAPL,-0.020658998993345997
2020-10-19,AMD,0.06686861103038462
2020-10-19,AMZN,-0.010049148201874634
2020-10-19,GOOGL,-0.0019437794466214467
2020-10-19,MSFT,-0.008149674588207102
2020-10-19,NVDA,0.02274544689267494
2020-10-19,TSLA,0.07345371137036147
2020-10-20,AAPL,0.0035970862841510523
2020-10-20,AMD,0.017113296586457202
2020-10-20,AMZN,0.0006261338145326805
2020-10-20,GOOGL,-0.016190045362184845
2020-10-20,MSFT,0.002506523069690881
2020-10-20,NVDA,0.0466006702196448
2020-10-20,TSLA,0.028014528121970774
2020-10-21,AAPL,0.0015868413065851991
2020-10-21,AMD,-0.0662456171978765
2020-10-21,AMZN,-0.0018998793297541608
2020-10-21,GOOGL,-0.010486095128066947
2020-10-21,MSFT,-0.004455933761446447
2020-10-21,NVDA,0.049501431165634734
2020-10-21,TSLA,0.02896114241095723
2020-10-22,AAPL,0.014141634178105267
2020-10-22,AMD,0.06447111910441373
2020-10-22,AMZN,0.01383953531546286
2020-10-22,GOOGL,-0.004420908728281621
2020-10-22,MSFT,0.006089784824915803
2020-10-22,NVDA,0.022059056923603104
2020-10-22,TSLA,0.012027230357193993
2020-10-23,AAPL,0.01987336004209893
2020-10-23,AMD,-0.010765604581347546
2020-10-23,AMZN,0.0001672786429987515
2020-10-23,GOOGL,-0.007547826037286477
2020-10-23,MSFT,0.018586269764744943
2020-10-23,NVDA,0.027725021958974715
2020-10-23,TSLA,0.007352465213544003
2020-10-26,AAPL,0.07513104156138936
2020-10-26,AMD,0.03365113217401889
2020-10-26,AMZN,0.008514556830378392
2020-10-26,GOOGL,0.024497762265268203
2020-10-26,MSFT,0.0011662107799183656
2020-10-26,NVDA,0.04793806901855926
2020-10-26,TSLA,0.058730208348595186
2020-10-27,AAPL,0.006950570655324983
2020-10-27,AMD,-0.07061482459875858
2020-10-27,AMZN,-0.00497723599990652
2020-10-27,GOOGL,-0.00764569780171575
2020-10-27,MSFT,0.004794748497182285
2020-10-27,NVDA,0.029893959747032416
2020-10-27,TSLA,0.017398609664344658
2020-10-28,AAPL,-0.013157182262612014
2020-10-28,AMD,-0.011284420748782555
2020-10-28,AMZN,-0.00845260836316241
2020-10-28,GOOGL,0.013125239428842129
2020-10-28,MSFT,-0.00015932623399100273
2020-10-28,NVDA,0.030122434125238996
2020-10-28,TSLA,-0.05169722328005165
2020-10-29,AAPL,0.005089066373438315
2020-10-29,AMD,-0.003995081585524513
2020-10-29,AMZN,0.0027430090739867245
2020-10-29,GOOGL,0.015677884964894823
2020-10-29,MSFT,0.001993971370899836
2020-10-29,NVDA,0.024586298954593275
2020-10-29,TSLA,0.038175490372884945
2020-10-30,AAPL,0.004392784965731925
2020-10-30,AMD,-0.0018540331323745407
2020-10-30,AMZN,0.0020440319387326766
2020-10-30,GOOGL,-0.048416594183474264
2020-10-30,MSFT,0.00012890911380505698
2020-10-30,NVDA,0.013955140542354414
2020-10-30,TSLA,0.026174629063465564
2020-11-02,AAPL,-0.004664802893135914
2020-11-02,AMD,0.005399023718119622
2020-11-02,AMZN,-0.012066997169650035
2020-11-02,GOOGL,0.0019075550263875085
2020-11-02,MSFT,0.008114652142522855
2020-11-02,NVDA,0.01456805482496545
2020-11-02,TSLA,0.029989444380000545
2020-11-03,AAPL,0.007524334238948059
2020-11-03,AMD,-0.0006178539289086492
2020-11-03,AMZN,-0.0014799295790815328
2020-11-03,GOOGL,-0.02771342599531507
2020-11-03,MSFT,0.0017139426928508348
2020-11-03,NVDA,0.016274058346134823
2020-11-03,TSLA,-0.007353798124766338
2020-11-04,AAPL,-0.005395710859765275
2020-11-04,AMD,-0.012397705159275713
2020-11-04,AMZN,-0.01082255761024917
2020-11-04,GOOGL,0.0030849575177697404
2020-11-04,MSFT,-0.004811962432065863
2020-11-04,NVDA,0.004528478090672142
2020-11-04,TSLA,0.00758995473080168
2020-11-05,AAPL,-0.007555985841783183
2020-11-05,AMD,-0.030926545541154718
2020-11-05,AMZN,-0.022194102094504176
2020-11-05,GOOGL,-0.029578163535495784
2020-11-05,MSFT,-0.008792614329143416
2020-11-05,NVDA,-0.022466594818572733
2020-11-05,TSLA,-0.007136688137120111
2020-11-06,AAPL,-0.04643284845112921
2020-11-06,AMD,-0.008483744259424617
2020-11-06,AMZN,-0.02684968498102424
2020-11-06,GOOGL,-0.03732868070805574
2020-11-06,MSFT,-0.020235339809525934
2020-11-06,NVDA,-0.03730005397320532
2020-11-06,TSLA,-0.003256926778652523
2020-11-09,AAPL,-0.02509248864824476
2020-11-09,AMD,-0.0678617612009425
2020-11-09,AMZN,-0.007104362976990962
2020-11-09,GOOGL,-0.0470213371681036
2020-11-09,MSFT,-0.034392497059235756
2020-11-09,NVDA,-0.025124223602364222
2020-11-09,TSLA,0.001986749485972634
2020-11-10,AAPL,-0.013863521111230116
2020-11-10,AMD,-0.00792674315951526
2020-11-10,AMZN,-0.004272774890973093
2020-11-10,GOOGL,-0.046845089135581004
2020-11-10,MSFT,-0.003191978204497269
2020-11-10,NVDA,-0.06649621831581096
2020-11-10,TSLA,0.0007896771634384118
