symbol,date,open,close,high,low,volume,factor
^NSEI,2023-04-17,17863.0,17706.849609375,17863.0,17574.05078125,357400,1.0
^NSEI,2023-04-18,17766.599609375,17660.150390625,17766.599609375,17610.19921875,258900,1.0
^NSEI,2023-04-19,17653.349609375,17618.75,17666.150390625,17579.849609375,281500,1.0
^NSEI,2023-04-20,17638.599609375,17624.44921875,17684.44921875,17584.349609375,215100,1.0
^NSEI,2023-04-21,17639.75,17624.05078125,17663.19921875,17553.94921875,230200,1.0
^NSEI,2023-04-24,17707.55078125,17743.400390625,17754.5,17612.5,255700,1.0
^NSEI,2023-04-25,17761.55078125,17769.25,17807.44921875,17716.849609375,297400,1.0
^NSEI,2023-04-26,17767.30078125,17813.599609375,17827.75,17711.19921875,233000,1.0
^NSEI,2023-04-27,17813.099609375,17915.05078125,17931.599609375,17797.900390625,241400,1.0
^NSEI,2023-04-28,17950.400390625,18065.0,18089.150390625,17885.30078125,290300,1.0
^NSEI,2023-05-02,18124.80078125,18147.650390625,18180.25,18101.75,265200,1.0
^NSEI,2023-05-03,18113.80078125,18089.849609375,18116.349609375,18042.400390625,226200,1.0
^NSEI,2023-05-04,18081.0,18255.80078125,18267.44921875,18066.69921875,226600,1.0
^NSEI,2023-05-05,18117.30078125,18069.0,18216.94921875,18055.44921875,239700,1.0
^NSEI,2023-05-08,18120.599609375,18264.400390625,18286.94921875,18100.30078125,228400,1.0
^NSEI,2023-05-09,18303.400390625,18265.94921875,18344.19921875,18229.650390625,245400,1.0
^NSEI,2023-05-10,18313.599609375,18315.099609375,18326.75,18211.94921875,220500,1.0
^NSEI,2023-05-11,18357.80078125,18297.0,18389.69921875,18270.400390625,248900,1.0
^NSEI,2023-05-12,18273.75,18314.80078125,18342.75,18194.55078125,241700,1.0
^NSEI,2023-05-15,18339.30078125,18398.849609375,18458.900390625,18287.900390625,216100,1.0
^NSEI,2023-05-16,18432.349609375,18286.5,18432.349609375,18264.349609375,219500,1.0
^NSEI,2023-05-17,18300.44921875,18181.75,18309.0,18115.349609375,229900,1.0
^NSEI,2023-05-18,18287.5,18129.94921875,18297.19921875,18104.849609375,272100,1.0
^NSEI,2023-05-19,18186.150390625,18203.400390625,18218.099609375,18060.400390625,260900,1.0
^NSEI,2023-05-22,18201.099609375,18314.400390625,18335.25,18178.849609375,262600,1.0
^NSEI,2023-05-23,18362.900390625,18348.0,18419.75,18324.19921875,270400,1.0
^NSEI,2023-05-24,18294.80078125,18285.400390625,18392.599609375,18262.94921875,232600,1.0
^NSEI,2023-05-25,18268.900390625,18321.150390625,18338.099609375,18202.400390625,235900,1.0
^NSEI,2023-05-26,18368.349609375,18499.349609375,18508.55078125,18333.150390625,198700,1.0
^NSEI,2023-05-29,18619.150390625,18598.650390625,18641.19921875,18581.25,265300,1.0
^NSEI,2023-05-30,18606.650390625,18633.849609375,18662.44921875,18575.5,234400,1.0
^NSEI,2023-05-31,18594.19921875,18534.400390625,18603.900390625,18483.849609375,696500,1.0
^NSEI,2023-06-01,18579.400390625,18487.75,18580.30078125,18464.55078125,265600,1.0
^NSEI,2023-06-02,18550.849609375,18534.099609375,18573.69921875,18478.400390625,270900,1.0
^NSEI,2023-06-05,18612.0,18593.849609375,18640.150390625,18582.80078125,256100,1.0
^NSEI,2023-06-06,18600.80078125,18599.0,18622.75,18531.599609375,220800,1.0
^NSEI,2023-06-07,18665.599609375,18726.400390625,18738.94921875,18636.0,260100,1.0
^NSEI,2023-06-08,18725.349609375,18634.55078125,18777.900390625,18615.599609375,286500,1.0
^NSEI,2023-06-09,18655.900390625,18563.400390625,18676.650390625,18555.400390625,221800,1.0
^NSEI,2023-06-12,18595.05078125,18601.5,18633.599609375,18559.75,179500,1.0
^NSEI,2023-06-13,18631.80078125,18716.150390625,18728.900390625,18631.80078125,233200,1.0
^NSEI,2023-06-14,18744.599609375,18755.900390625,18769.69921875,18690.0,261400,1.0
^NSEI,2023-06-15,18774.44921875,18688.099609375,18794.099609375,18669.05078125,263000,1.0
^NSEI,2023-06-16,18723.30078125,18826.0,18864.69921875,18710.5,272800,1.0
^NSEI,2023-06-19,18873.30078125,18755.44921875,18881.44921875,18719.150390625,219800,1.0
^NSEI,2023-06-20,18752.349609375,18816.69921875,18839.69921875,18660.650390625,211600,1.0
^NSEI,2023-06-21,18849.400390625,18856.849609375,18875.900390625,18794.849609375,217500,1.0
^NSEI,2023-06-22,18853.599609375,18771.25,18886.599609375,18759.5,252700,1.0
^NSEI,2023-06-23,18741.849609375,18665.5,18756.400390625,18647.099609375,210600,1.0
^NSEI,2023-06-26,18682.349609375,18691.19921875,18722.05078125,18646.69921875,171300,1.0
^NSEI,2023-06-27,18748.55078125,18817.400390625,18829.25,18714.25,222500,1.0
^NSEI,2023-06-28,18908.150390625,18972.099609375,19011.25,18861.349609375,398800,1.0
^NSEI,2023-06-30,19076.849609375,19189.05078125,19201.69921875,19024.599609375,247900,1.0
^NSEI,2023-07-03,19246.5,19322.55078125,19345.099609375,19234.400390625,226100,1.0
^NSEI,2023-07-04,19406.599609375,19389.0,19434.150390625,19300.0,226900,1.0
^NSEI,2023-07-05,19405.94921875,19398.5,19421.599609375,19339.599609375,224400,1.0
^NSEI,2023-07-06,19385.69921875,19497.30078125,19512.19921875,19373.0,268300,1.0
^NSEI,2023-07-07,19422.80078125,19331.80078125,19523.599609375,19303.599609375,237100,1.0
^NSEI,2023-07-10,19400.349609375,19355.900390625,19435.849609375,19327.099609375,268200,1.0
^NSEI,2023-07-11,19427.099609375,19439.400390625,19515.099609375,19406.44921875,251300,1.0
^NSEI,2023-07-12,19497.44921875,19384.30078125,19507.69921875,19361.75,327900,1.0
^NSEI,2023-07-13,19495.19921875,19413.75,19567.0,19385.80078125,310400,1.0
^NSEI,2023-07-14,19493.44921875,19564.5,19595.349609375,19433.5,291200,1.0
^NSEI,2023-07-17,19612.150390625,19711.44921875,19731.849609375,19562.94921875,268700,1.0
^NSEI,2023-07-18,19787.5,19749.25,19819.44921875,19690.19921875,286400,1.0
^NSEI,2023-07-19,19802.94921875,19833.150390625,19851.69921875,19727.44921875,259700,1.0
^NSEI,2023-07-20,19831.69921875,19979.150390625,19991.849609375,19758.400390625,274700,1.0
^NSEI,2023-07-21,19800.44921875,19745.0,19887.400390625,19700.0,312500,1.0
^NSEI,2023-07-24,19748.44921875,19672.349609375,19782.75,19658.30078125,265600,1.0
^NSEI,2023-07-25,19729.349609375,19680.599609375,19729.349609375,19615.94921875,369700,1.0
^NSEI,2023-07-26,19733.349609375,19778.30078125,19825.599609375,19716.69921875,244700,1.0
^NSEI,2023-07-27,19850.900390625,19659.900390625,19867.55078125,19603.55078125,334900,1.0
^NSEI,2023-07-28,19659.75,19646.05078125,19695.900390625,19563.099609375,258700,1.0
^NSEI,2023-07-31,19666.349609375,19753.80078125,19772.75,19597.599609375,295100,1.0
^NSEI,2023-08-01,19784.0,19733.55078125,19795.599609375,19704.599609375,298000,1.0
^NSEI,2023-08-02,19655.400390625,19526.55078125,19678.25,19423.55078125,290700,1.0
^NSEI,2023-08-03,19463.75,19381.650390625,19537.650390625,19296.44921875,315700,1.0
^NSEI,2023-08-04,19462.80078125,19517.0,19538.849609375,19436.44921875,280800,1.0
^NSEI,2023-08-07,19576.849609375,19597.30078125,19620.44921875,19524.80078125,216600,1.0
^NSEI,2023-08-08,19627.19921875,19570.849609375,19634.400390625,19533.099609375,260300,1.0
^NSEI,2023-08-09,19578.80078125,19632.55078125,19645.5,19467.5,266500,1.0
^NSEI,2023-08-10,19605.55078125,19543.099609375,19623.599609375,19495.400390625,312200,1.0
^NSEI,2023-08-11,19554.25,19428.30078125,19557.75,19412.75,235500,1.0
^NSEI,2023-08-14,19383.94921875,19434.55078125,19465.849609375,19257.900390625,243900,1.0
^NSEI,2023-08-16,19369.0,19465.0,19482.75,19317.19921875,0,1.0
^NSEI,2023-08-17,19450.55078125,19365.25,19461.55078125,19326.25,268700,1.0
^NSEI,2023-08-18,19301.75,19310.150390625,19373.80078125,19253.599609375,256100,1.0
^NSEI,2023-08-21,19320.650390625,19393.599609375,19425.94921875,19296.30078125,262600,1.0
^NSEI,2023-08-22,19417.099609375,19396.44921875,19443.5,19381.30078125,208700,1.0
^NSEI,2023-08-23,19439.19921875,19444.0,19472.05078125,19366.599609375,225200,1.0
^NSEI,2023-08-24,19535.150390625,19386.69921875,19584.44921875,19369.0,268300,1.0
^NSEI,2023-08-25,19297.400390625,19265.80078125,19339.55078125,19229.69921875,466500,1.0
^NSEI,2023-08-28,19298.349609375,19306.05078125,19366.849609375,19249.69921875,248200,1.0
^NSEI,2023-08-29,19374.849609375,19342.650390625,19377.900390625,19309.099609375,307400,1.0
^NSEI,2023-08-30,19433.44921875,19347.44921875,19452.80078125,19334.75,233000,1.0
^NSEI,2023-08-31,19375.55078125,19253.80078125,19388.19921875,19223.650390625,562600,1.0
^NSEI,2023-09-01,19258.150390625,19435.30078125,19458.55078125,19255.69921875,333000,1.0
^NSEI,2023-09-04,19525.05078125,19528.80078125,19545.150390625,19432.849609375,296800,1.0
^NSEI,2023-09-05,19564.650390625,19574.900390625,19587.05078125,19525.75,256800,1.0
^NSEI,2023-09-06,19581.19921875,19611.05078125,19636.44921875,19491.5,287600,1.0
^NSEI,2023-09-07,19598.650390625,19727.05078125,19737.0,19550.05078125,304900,1.0
^NSEI,2023-09-08,19774.80078125,19819.94921875,19867.150390625,19727.05078125,288100,1.0
^NSEI,2023-09-11,19890.0,19996.349609375,20008.150390625,19865.349609375,248800,1.0
^NSEI,2023-09-12,20110.150390625,19993.19921875,20110.349609375,19914.650390625,328100,1.0
^NSEI,2023-09-13,19989.5,20070.0,20096.900390625,19944.099609375,251400,1.0
^NSEI,2023-09-14,20127.94921875,20103.099609375,20167.650390625,20043.44921875,275100,1.0
^NSEI,2023-09-15,20156.44921875,20192.349609375,20222.44921875,20129.69921875,438200,1.0
^NSEI,2023-09-18,20155.94921875,20133.30078125,20195.349609375,20115.69921875,264900,1.0
^NSEI,2023-09-20,19980.75,19901.400390625,20050.650390625,19878.849609375,378100,1.0
^NSEI,2023-09-21,19840.55078125,19742.349609375,19848.75,19709.94921875,275100,1.0
^NSEI,2023-09-22,19744.849609375,19674.25,19798.650390625,19657.5,246400,1.0
^NSEI,2023-09-25,19678.19921875,19674.55078125,19734.150390625,19601.55078125,188400,1.0
^NSEI,2023-09-26,19682.80078125,19664.69921875,19699.349609375,19637.44921875,204900,1.0
^NSEI,2023-09-27,19637.05078125,19716.44921875,19730.69921875,19554.0,203600,1.0
^NSEI,2023-09-28,19761.80078125,19523.55078125,19766.650390625,19492.099609375,352800,1.0
^NSEI,2023-09-29,19581.19921875,19638.30078125,19726.25,19551.05078125,243500,1.0
^NSEI,2023-10-03,19622.400390625,19528.75,19623.19921875,19479.650390625,221700,1.0
^NSEI,2023-10-04,19446.30078125,19436.099609375,19457.80078125,19333.599609375,277100,1.0
^NSEI,2023-10-05,19521.849609375,19545.75,19576.94921875,19487.30078125,234900,1.0
^NSEI,2023-10-06,19621.19921875,19653.5,19675.75,19589.400390625,159100,1.0
^NSEI,2023-10-09,19539.44921875,19512.349609375,19588.94921875,19480.5,165100,1.0
^NSEI,2023-10-10,19565.599609375,19689.849609375,19717.80078125,19565.44921875,216600,1.0
^NSEI,2023-10-11,19767.0,19811.349609375,19839.19921875,19756.94921875,213700,1.0
^NSEI,2023-10-12,19822.69921875,19794.0,19843.30078125,19772.650390625,217900,1.0
^NSEI,2023-10-13,19654.55078125,19751.05078125,19805.400390625,19635.30078125,255000,1.0
^NSEI,2023-10-16,19737.25,19731.75,19781.30078125,19691.849609375,181000,1.0
^NSEI,2023-10-17,19843.19921875,19811.5,19849.75,19775.650390625,185800,1.0
^NSEI,2023-10-18,19820.44921875,19671.099609375,19840.94921875,19659.94921875,198900,1.0
^NSEI,2023-10-19,19545.19921875,19624.69921875,19681.80078125,19512.349609375,230300,1.0
^NSEI,2023-10-20,19542.150390625,19542.650390625,19593.80078125,19518.69921875,198300,1.0
^NSEI,2023-10-23,19521.599609375,19281.75,19556.849609375,19257.849609375,176000,1.0
^NSEI,2023-10-25,19286.44921875,19122.150390625,19347.30078125,19074.150390625,225300,1.0
^NSEI,2023-10-26,19027.25,18857.25,19041.69921875,18837.849609375,300400,1.0
^NSEI,2023-10-27,18928.75,19047.25,19076.150390625,18926.650390625,205200,1.0
^NSEI,2023-10-30,19053.400390625,19140.900390625,19158.5,18940.0,180100,1.0
^NSEI,2023-10-31,19232.94921875,19079.599609375,19233.69921875,19056.44921875,206000,1.0
^NSEI,2023-11-01,19064.05078125,18989.150390625,19096.05078125,18973.69921875,194100,1.0
^NSEI,2023-11-02,19120.0,19133.25,19175.25,19064.150390625,245600,1.0
^NSEI,2023-11-03,19241.0,19230.599609375,19276.25,19210.900390625,189500,1.0
^NSEI,2023-11-06,19345.849609375,19411.75,19423.0,19309.69921875,180700,1.0
^NSEI,2023-11-07,19404.05078125,19406.69921875,19423.5,19329.099609375,198700,1.0
^NSEI,2023-11-08,19449.599609375,19443.5,19464.400390625,19401.5,195000,1.0
^NSEI,2023-11-09,19457.400390625,19395.30078125,19463.900390625,19378.349609375,208400,1.0
^NSEI,2023-11-10,19351.849609375,19425.349609375,19451.30078125,19329.44921875,152200,1.0
^NSEI,2023-11-13,19486.75,19443.55078125,19494.400390625,19414.75,189300,1.0
^NSEI,2023-11-15,19651.400390625,19675.44921875,19693.19921875,19579.650390625,291500,1.0
^NSEI,2023-11-16,19674.69921875,19765.19921875,19875.25,19627.0,282700,1.0
^NSEI,2023-11-17,19674.75,19731.80078125,19806.0,19667.44921875,236800,1.0
^NSEI,2023-11-20,19731.150390625,19694.0,19756.44921875,19670.5,173800,1.0
^NSEI,2023-11-21,19770.900390625,19783.400390625,19829.099609375,19754.05078125,195000,1.0
^NSEI,2023-11-22,19784.0,19811.849609375,19825.55078125,19703.849609375,184500,1.0
^NSEI,2023-11-23,19828.44921875,19802.0,19875.150390625,19786.75,170000,1.0
^NSEI,2023-11-24,19809.599609375,19794.69921875,19832.849609375,19768.849609375,145900,1.0
^NSEI,2023-11-28,19844.650390625,19889.69921875,19916.849609375,19800.0,229600,1.0
^NSEI,2023-11-29,19976.55078125,20096.599609375,20104.650390625,19956.30078125,236200,1.0
^NSEI,2023-11-30,20108.5,20133.150390625,20158.69921875,20015.849609375,486600,1.0
^NSEI,2023-12-01,20194.099609375,20267.900390625,20291.55078125,20183.69921875,265800,1.0
^NSEI,2023-12-04,20601.94921875,20686.80078125,20702.650390625,20507.75,381100,1.0
^NSEI,2023-12-05,20808.900390625,20855.099609375,20864.05078125,20711.150390625,421000,1.0
^NSEI,2023-12-06,20950.75,20937.69921875,20961.94921875,20852.150390625,359200,1.0
^NSEI,2023-12-07,20932.400390625,20901.150390625,20941.25,20850.80078125,275000,1.0
^NSEI,2023-12-08,20934.099609375,20969.400390625,21006.099609375,20862.69921875,292400,1.0
^NSEI,2023-12-11,20965.30078125,20997.099609375,21026.099609375,20923.69921875,212900,1.0
^NSEI,2023-12-12,21018.55078125,20906.400390625,21037.900390625,20867.150390625,244900,1.0
^NSEI,2023-12-13,20929.75,20926.349609375,20950.0,20769.5,260300,1.0
^NSEI,2023-12-14,21110.400390625,21182.69921875,21210.900390625,21074.44921875,334400,1.0
^NSEI,2023-12-15,21287.44921875,21456.650390625,21492.30078125,21235.30078125,508800,1.0
^NSEI,2023-12-18,21434.80078125,21418.650390625,21482.80078125,21365.349609375,249700,1.0
^NSEI,2023-12-19,21477.650390625,21453.099609375,21505.05078125,21337.75,249800,1.0
^NSEI,2023-12-20,21543.5,21150.150390625,21593.0,21087.349609375,363900,1.0
^NSEI,2023-12-21,21033.94921875,21255.05078125,21288.349609375,20976.80078125,277500,1.0
^NSEI,2023-12-22,21295.849609375,21349.400390625,21390.5,21232.44921875,284700,1.0
^NSEI,2023-12-26,21365.19921875,21441.349609375,21477.150390625,21329.44921875,219500,1.0
^NSEI,2023-12-27,21497.650390625,21654.75,21675.75,21495.80078125,256500,1.0
^NSEI,2023-12-28,21715.0,21778.69921875,21801.44921875,21678.0,393100,1.0
^NSEI,2023-12-29,21737.650390625,21731.400390625,21770.30078125,21676.900390625,270900,1.0
^NSEI,2024-01-01,21727.75,21741.900390625,21834.349609375,21680.849609375,154000,1.0
^NSEI,2024-01-02,21751.349609375,21665.80078125,21755.599609375,21555.650390625,263700,1.0
^NSEI,2024-01-03,21661.099609375,21517.349609375,21677.0,21500.349609375,311900,1.0
^NSEI,2024-01-04,21605.80078125,21658.599609375,21685.650390625,21564.55078125,339200,1.0
^NSEI,2024-01-05,21705.75,21710.80078125,21749.599609375,21629.19921875,309300,1.0
^NSEI,2024-01-08,21747.599609375,21513.0,21763.94921875,21492.900390625,231500,1.0
^NSEI,2024-01-09,21653.599609375,21544.849609375,21724.44921875,21517.849609375,228600,1.0
^NSEI,2024-01-10,21529.30078125,21618.69921875,21641.849609375,21448.650390625,217000,1.0
^NSEI,2024-01-11,21688.0,21647.19921875,21726.5,21593.75,212500,1.0
^NSEI,2024-01-12,21773.55078125,21894.55078125,21928.25,21715.150390625,294700,1.0
^NSEI,2024-01-15,22053.150390625,22097.44921875,22115.55078125,21963.55078125,345500,1.0
^NSEI,2024-01-16,22080.5,22032.30078125,22124.150390625,21969.80078125,292400,1.0
^NSEI,2024-01-17,21647.25,21571.94921875,21851.5,21550.44921875,456000,1.0
^NSEI,2024-01-18,21414.19921875,21462.25,21539.400390625,21285.55078125,387300,1.0
^NSEI,2024-01-19,21615.19921875,21622.400390625,21670.599609375,21575.0,343100,1.0
^NSEI,2024-01-23,21716.69921875,21238.80078125,21750.25,21192.599609375,449700,1.0
^NSEI,2024-01-24,21185.25,21453.94921875,21482.349609375,21137.19921875,407500,1.0
^NSEI,2024-01-25,21454.599609375,21352.599609375,21459.0,21247.05078125,418100,1.0
^NSEI,2024-01-29,21433.099609375,21737.599609375,21763.25,21429.599609375,376700,1.0
^NSEI,2024-01-30,21775.75,21522.099609375,21813.05078125,21501.80078125,375100,1.0
^NSEI,2024-01-31,21487.25,21725.69921875,21741.349609375,21448.849609375,410600,1.0
^NSEI,2024-02-01,21780.650390625,21697.44921875,21832.94921875,21658.75,332500,1.0
^NSEI,2024-02-02,21812.75,21853.80078125,22126.80078125,21805.55078125,442800,1.0
^NSEI,2024-02-05,21921.05078125,21771.69921875,21964.30078125,21726.94921875,440800,1.0
^NSEI,2024-02-06,21825.19921875,21929.400390625,21951.400390625,21737.55078125,371000,1.0
^NSEI,2024-02-07,22045.05078125,21930.5,22053.30078125,21860.150390625,346300,1.0
^NSEI,2024-02-08,22009.650390625,21717.94921875,22011.05078125,21665.30078125,491100,1.0
^NSEI,2024-02-09,21727.0,21782.5,21804.44921875,21629.900390625,349200,1.0
^NSEI,2024-02-12,21800.80078125,21616.05078125,21831.69921875,21574.75,287400,1.0
^NSEI,2024-02-13,21664.30078125,21743.25,21766.80078125,21543.349609375,365800,1.0
^NSEI,2024-02-14,21578.150390625,21840.05078125,21870.849609375,21530.19921875,359100,1.0
^NSEI,2024-02-15,21906.55078125,21910.75,21953.849609375,21794.80078125,345400,1.0
^NSEI,2024-02-16,22020.30078125,22040.69921875,22068.650390625,21968.94921875,343900,1.0
^NSEI,2024-02-19,22103.44921875,22122.25,22186.650390625,22021.05078125,0,1.0
^NSEI,2024-02-20,22099.19921875,22196.94921875,22215.599609375,22045.849609375,295700,1.0
^NSEI,2024-02-21,22248.849609375,22055.05078125,22249.400390625,21997.94921875,364500,1.0
^NSEI,2024-02-22,22081.55078125,22217.44921875,22252.5,21875.25,343500,1.0
^NSEI,2024-02-23,22290.0,22212.69921875,22297.5,22186.099609375,226000,1.0
^NSEI,2024-02-26,22169.19921875,22122.05078125,22202.150390625,22075.150390625,207800,1.0
^NSEI,2024-02-27,22090.19921875,22198.349609375,22218.25,22085.650390625,252200,1.0
^NSEI,2024-02-28,22214.099609375,21951.150390625,22229.150390625,21915.849609375,203000,1.0
^NSEI,2024-02-29,21935.19921875,21982.80078125,22060.55078125,21860.650390625,360200,1.0
^NSEI,2024-03-01,22048.30078125,22338.75,22353.30078125,22047.75,351500,1.0
^NSEI,2024-03-04,22403.5,22405.599609375,22440.900390625,22358.30078125,298800,1.0
^NSEI,2024-03-05,22371.25,22356.30078125,22416.900390625,22269.150390625,296200,1.0
^NSEI,2024-03-06,22327.5,22474.05078125,22497.19921875,22224.349609375,312300,1.0
^NSEI,2024-03-07,22505.30078125,22493.55078125,22525.650390625,22430.0,379900,1.0
^NSEI,2024-03-11,22517.5,22332.650390625,22526.599609375,22307.25,277900,1.0
^NSEI,2024-03-12,22334.44921875,22335.69921875,22452.55078125,22256.0,299200,1.0
^NSEI,2024-03-13,22432.19921875,21997.69921875,22446.75,21905.650390625,493300,1.0
^NSEI,2024-03-14,21982.55078125,22146.650390625,22204.599609375,21917.5,426700,1.0
^NSEI,2024-03-15,22064.849609375,22023.349609375,22120.900390625,21931.69921875,661500,1.0
^NSEI,2024-03-18,21990.099609375,22055.69921875,22123.69921875,21916.55078125,356300,1.0
^NSEI,2024-03-19,21946.44921875,21817.44921875,21978.30078125,21793.099609375,344200,1.0
^NSEI,2024-03-20,21843.900390625,21839.099609375,21930.900390625,21710.19921875,312400,1.0
^NSEI,2024-03-21,21989.900390625,22011.94921875,22080.94921875,21941.30078125,353200,1.0
^NSEI,2024-03-22,21932.19921875,22096.75,22180.69921875,21883.30078125,388700,1.0
^NSEI,2024-03-26,21947.900390625,22004.69921875,22073.19921875,21947.55078125,328400,1.0
^NSEI,2024-03-27,22053.94921875,22123.650390625,22193.599609375,22052.849609375,409100,1.0
^NSEI,2024-03-28,22163.599609375,22326.900390625,22516.0,22163.599609375,410500,1.0
^NSEI,2024-04-01,22455.0,22462.0,22529.94921875,22427.75,0,1.0
^NSEI,2024-04-02,22458.80078125,22453.30078125,22497.599609375,22388.150390625,289500,1.0
^NSEI,2024-04-03,22385.69921875,22434.650390625,22521.099609375,22346.5,309600,1.0
^NSEI,2024-04-04,22592.099609375,22514.650390625,22619.0,22303.80078125,401000,1.0
^NSEI,2024-04-05,22486.400390625,22513.69921875,22537.599609375,22427.599609375,242200,1.0
^NSEI,2024-04-08,22578.349609375,22666.30078125,22697.30078125,22550.349609375,227600,1.0
^NSEI,2024-04-09,22765.099609375,22642.75,22768.400390625,22612.25,232400,1.0
^NSEI,2024-04-10,22720.25,22753.80078125,22775.69921875,22673.69921875,276800,1.0
^NSEI,2024-04-12,22677.400390625,22519.400390625,22726.44921875,22503.75,357200,1.0
^NSEI,2024-04-15,22339.05078125,22272.5,22427.44921875,22259.55078125,355500,1.0
^NSEI,2024-04-16,22125.30078125,22147.900390625,22213.75,22079.44921875,317300,1.0
^NSEI,2024-04-18,22212.349609375,21995.849609375,22326.5,21961.69921875,456900,1.0
^NSEI,2024-04-19,21861.5,22147.0,22179.55078125,21777.650390625,362500,1.0
^NSEI,2024-04-22,22336.900390625,22336.400390625,22375.650390625,22198.150390625,279300,1.0
^NSEI,2024-04-23,22447.05078125,22368.0,22447.55078125,22349.44921875,231500,1.0
^NSEI,2024-04-24,22421.55078125,22402.400390625,22476.44921875,22384.0,235900,1.0
^NSEI,2024-04-25,22316.900390625,22570.349609375,22625.94921875,22305.25,475000,1.0
^NSEI,2024-04-26,22620.400390625,22419.94921875,22620.400390625,22385.55078125,329900,1.0
^NSEI,2024-04-29,22475.55078125,22643.400390625,22655.80078125,22441.900390625,292000,1.0
^NSEI,2024-04-30,22679.650390625,22604.849609375,22783.349609375,22568.400390625,361900,1.0
^NSEI,2024-05-02,22567.849609375,22648.19921875,22710.5,22567.849609375,445900,1.0
^NSEI,2024-05-03,22766.349609375,22475.849609375,22794.69921875,22348.05078125,438100,1.0
^NSEI,2024-05-06,22561.599609375,22442.69921875,22588.80078125,22409.44921875,320300,1.0
^NSEI,2024-05-07,22489.75,22302.5,22499.05078125,22232.05078125,297800,1.0
^NSEI,2024-05-08,22231.19921875,22302.5,22368.650390625,22185.19921875,277400,1.0
^NSEI,2024-05-09,22224.80078125,21957.5,22307.75,21932.400390625,331300,1.0
^NSEI,2024-05-10,21990.94921875,22055.19921875,22131.30078125,21950.30078125,265800,1.0
^NSEI,2024-05-13,22027.94921875,22104.05078125,22131.650390625,21821.05078125,278200,1.0
^NSEI,2024-05-14,22112.900390625,22217.849609375,22270.05078125,22081.25,230200,1.0
^NSEI,2024-05-15,22255.599609375,22200.55078125,22297.55078125,22151.75,231900,1.0
^NSEI,2024-05-16,22319.19921875,22403.849609375,22432.25,22054.55078125,368900,1.0
^NSEI,2024-05-17,22415.25,22466.099609375,22502.150390625,22345.650390625,242700,1.0
^NSEI,2024-05-21,22404.55078125,22529.05078125,22591.099609375,22404.55078125,347600,1.0
^NSEI,2024-05-22,22576.599609375,22597.80078125,22629.5,22483.150390625,290300,1.0
^NSEI,2024-05-23,22614.099609375,22967.650390625,22993.599609375,22577.44921875,369800,1.0
^NSEI,2024-05-24,22930.75,22957.099609375,23026.400390625,22908.0,261900,1.0
^NSEI,2024-05-27,23038.94921875,22932.44921875,23110.80078125,22871.19921875,260000,1.0
^NSEI,2024-05-28,22977.150390625,22888.150390625,22998.55078125,22858.5,217900,1.0
^NSEI,2024-05-29,22762.75,22704.69921875,22825.5,22685.44921875,269900,1.0
^NSEI,2024-05-30,22617.44921875,22488.650390625,22705.75,22417.0,373400,1.0
^NSEI,2024-05-31,22568.099609375,22530.69921875,22653.75,22465.099609375,572100,1.0
^NSEI,2024-06-03,23337.900390625,23263.900390625,23338.69921875,23062.30078125,569400,1.0
^NSEI,2024-06-04,23179.5,21884.5,23179.5,21281.44921875,1006100,1.0
^NSEI,2024-06-05,22128.349609375,22620.349609375,22670.400390625,21791.94921875,638500,1.0
^NSEI,2024-06-06,22798.599609375,22821.400390625,22910.150390625,22642.599609375,480400,1.0
^NSEI,2024-06-07,22821.849609375,23290.150390625,23320.19921875,22789.05078125,473600,1.0
^NSEI,2024-06-10,23319.150390625,23259.19921875,23411.900390625,23227.150390625,304400,1.0
^NSEI,2024-06-11,23283.75,23264.849609375,23389.44921875,23206.650390625,305200,1.0
^NSEI,2024-06-12,23344.44921875,23322.94921875,23441.94921875,23295.94921875,295600,1.0
^NSEI,2024-06-13,23480.94921875,23398.900390625,23481.05078125,23353.900390625,268300,1.0
^NSEI,2024-06-14,23464.94921875,23465.599609375,23490.400390625,23334.25,223100,1.0
^NSEI,2024-06-18,23570.80078125,23557.900390625,23579.05078125,23499.69921875,272200,1.0
^NSEI,2024-06-19,23629.849609375,23516.0,23664.0,23412.900390625,328800,1.0
^NSEI,2024-06-20,23586.150390625,23567.0,23624.0,23442.599609375,280300,1.0
^NSEI,2024-06-21,23661.150390625,23501.099609375,23667.099609375,23398.19921875,609900,1.0
^NSEI,2024-06-24,23382.30078125,23537.849609375,23558.099609375,23350.0,239400,1.0
^NSEI,2024-06-25,23577.099609375,23721.30078125,23754.150390625,23562.05078125,298100,1.0
^NSEI,2024-06-26,23723.099609375,23868.80078125,23889.900390625,23670.44921875,287800,1.0
^NSEI,2024-06-27,23881.55078125,24044.5,24087.44921875,23805.400390625,515200,1.0
^NSEI,2024-06-28,24085.900390625,24010.599609375,24174.0,23985.80078125,354800,1.0
^NSEI,2024-07-01,23992.94921875,24141.94921875,24164.0,23992.69921875,0,1.0
^NSEI,2024-07-02,24228.75,24123.849609375,24236.349609375,24056.400390625,0,1.0
^NSEI,2024-07-03,24291.75,24286.5,24309.150390625,24207.099609375,0,1.0
^NSEI,2024-07-04,24369.94921875,24302.150390625,24401.0,24281.0,251200,1.0
^NSEI,2024-07-05,24213.349609375,24323.849609375,24363.0,24168.849609375,298400,1.0
^NSEI,2024-07-08,24329.44921875,24320.55078125,24344.599609375,24240.55078125,266300,1.0
^NSEI,2024-07-09,24351.0,24433.19921875,24443.599609375,24331.900390625,250500,1.0
^NSEI,2024-07-10,24459.849609375,24324.44921875,24461.05078125,24141.80078125,292300,1.0
^NSEI,2024-07-11,24396.55078125,24315.94921875,24402.650390625,24193.75,306400,1.0
^NSEI,2024-07-12,24387.94921875,24502.150390625,24592.19921875,24331.150390625,325800,1.0
^NSEI,2024-07-15,24587.599609375,24586.69921875,24635.05078125,24522.75,305400,1.0
^NSEI,2024-07-16,24615.900390625,24613.0,24661.25,24587.650390625,283200,1.0
^NSEI,2024-07-18,24543.80078125,24800.849609375,24837.75,24504.44921875,350900,1.0
^NSEI,2024-07-19,24853.80078125,24530.900390625,24854.80078125,24508.150390625,343800,1.0
^NSEI,2024-07-22,24445.75,24509.25,24595.19921875,24362.30078125,324200,1.0
^NSEI,2024-07-23,24568.900390625,24479.05078125,24582.55078125,24074.19921875,436400,1.0
^NSEI,2024-07-24,24444.94921875,24413.5,24504.25,24307.25,366600,1.0
^NSEI,2024-07-25,24230.94921875,24406.099609375,24426.150390625,24210.80078125,391800,1.0
^NSEI,2024-07-26,24423.349609375,24834.849609375,24861.150390625,24410.900390625,383800,1.0
^NSEI,2024-07-29,24943.30078125,24836.099609375,24999.75,24774.599609375,355000,1.0
^NSEI,2024-07-30,24839.400390625,24857.30078125,24971.75,24798.650390625,385000,1.0
^NSEI,2024-07-31,24886.69921875,24951.150390625,24984.599609375,24856.5,333600,1.0
^NSEI,2024-08-01,25030.94921875,25010.900390625,25078.30078125,24956.400390625,431300,1.0
^NSEI,2024-08-02,24789.0,24717.69921875,24851.900390625,24686.849609375,345000,1.0
^NSEI,2024-08-05,24302.849609375,24055.599609375,24350.05078125,23893.69921875,487000,1.0
^NSEI,2024-08-06,24189.849609375,23992.55078125,24382.599609375,23960.400390625,312300,1.0
^NSEI,2024-08-07,24289.400390625,24297.5,24337.69921875,24184.900390625,317600,1.0
^NSEI,2024-08-08,24248.55078125,24117.0,24340.5,24079.69921875,311900,1.0
^NSEI,2024-08-09,24386.849609375,24367.5,24419.75,24311.19921875,215100,1.0
^NSEI,2024-08-12,24320.05078125,24347.0,24472.80078125,24212.099609375,279900,1.0
^NSEI,2024-08-13,24342.349609375,24139.0,24359.94921875,24116.5,239700,1.0
^NSEI,2024-08-14,24184.400390625,24143.75,24196.5,24099.69921875,303300,1.0
^NSEI,2024-08-16,24334.849609375,24541.150390625,24563.900390625,24204.5,271600,1.0
^NSEI,2024-08-19,24636.349609375,24572.650390625,24638.80078125,24522.94921875,243600,1.0
^NSEI,2024-08-20,24648.900390625,24698.849609375,24734.30078125,24607.19921875,238300,1.0
^NSEI,2024-08-21,24680.55078125,24770.19921875,24787.94921875,24654.5,257100,1.0
^NSEI,2024-08-22,24863.400390625,24811.5,24867.349609375,24784.44921875,220300,1.0
^NSEI,2024-08-23,24845.400390625,24823.150390625,24858.400390625,24771.650390625,206800,1.0
^NSEI,2024-08-26,24906.099609375,25010.599609375,25043.80078125,24874.69921875,210300,1.0
^NSEI,2024-08-27,25024.80078125,25017.75,25073.099609375,24973.650390625,223300,1.0
^NSEI,2024-08-28,25030.80078125,25052.349609375,25129.599609375,24964.650390625,220400,1.0
^NSEI,2024-08-29,25035.30078125,25151.94921875,25192.900390625,24998.5,354000,1.0
^NSEI,2024-08-30,25249.69921875,25235.900390625,25268.349609375,25199.400390625,638200,1.0
^NSEI,2024-09-02,25333.599609375,25278.69921875,25333.650390625,25235.5,222800,1.0
^NSEI,2024-09-03,25313.400390625,25279.849609375,25321.69921875,25235.80078125,212100,1.0
^NSEI,2024-09-04,25089.94921875,25198.69921875,25216.0,25083.80078125,253800,1.0
^NSEI,2024-09-05,25250.5,25145.099609375,25275.44921875,25127.75,222200,1.0
^NSEI,2024-09-06,25093.69921875,24852.150390625,25168.75,24801.30078125,311700,1.0
^NSEI,2024-09-09,24823.400390625,24936.400390625,24957.5,24753.150390625,254400,1.0
^NSEI,2024-09-10,24999.400390625,25041.099609375,25130.5,24896.80078125,251300,1.0
^NSEI,2024-09-11,25034.0,24918.44921875,25113.69921875,24885.150390625,279200,1.0
^NSEI,2024-09-12,25059.650390625,25388.900390625,25433.349609375,24941.44921875,380100,1.0
^NSEI,2024-09-13,25430.44921875,25356.5,25430.5,25292.44921875,250800,1.0
^NSEI,2024-09-16,25406.650390625,25383.75,25445.69921875,25336.19921875,168700,1.0
^NSEI,2024-09-17,25416.900390625,25418.55078125,25441.650390625,25352.25,216000,1.0
^NSEI,2024-09-18,25402.400390625,25377.55078125,25482.19921875,25285.55078125,215700,1.0
^NSEI,2024-09-19,25487.05078125,25415.80078125,25611.94921875,25376.05078125,314500,1.0
^NSEI,2024-09-20,25525.94921875,25790.94921875,25849.25,25426.599609375,533100,1.0
^NSEI,2024-09-23,25872.55078125,25939.05078125,25956.0,25847.349609375,209200,1.0
^NSEI,2024-09-24,25921.44921875,25940.400390625,26011.55078125,25886.849609375,384100,1.0
^NSEI,2024-09-25,25899.44921875,26004.150390625,26032.80078125,25871.349609375,278500,1.0
^NSEI,2024-09-26,26005.400390625,26216.05078125,26250.900390625,25998.400390625,370900,1.0
^NSEI,2024-09-27,26248.25,26178.94921875,26277.349609375,26151.400390625,490300,1.0
^NSEI,2024-09-30,26061.30078125,25810.849609375,26134.69921875,25794.099609375,343100,1.0
^NSEI,2024-10-01,25788.44921875,25796.900390625,25907.599609375,25739.19921875,247400,1.0
^NSEI,2024-10-03,25452.849609375,25250.099609375,25639.44921875,25230.30078125,423400,1.0
^NSEI,2024-10-04,25181.900390625,25014.599609375,25485.05078125,24966.80078125,374900,1.0
^NSEI,2024-10-07,25084.099609375,24795.75,25143.0,24694.349609375,374300,1.0
^NSEI,2024-10-08,24832.19921875,25013.150390625,25044.0,24756.80078125,333200,1.0
^NSEI,2024-10-09,25065.80078125,24981.94921875,25234.05078125,24947.69921875,290600,1.0
^NSEI,2024-10-10,25067.05078125,24998.44921875,25134.05078125,24979.400390625,261400,1.0
^NSEI,2024-10-11,24985.30078125,24964.25,25028.650390625,24920.05078125,210500,1.0
^NSEI,2024-10-14,25023.44921875,25127.94921875,25159.75,25017.5,206400,1.0
^NSEI,2024-10-15,25186.30078125,25057.349609375,25212.05078125,25008.150390625,257200,1.0
^NSEI,2024-10-16,25008.55078125,24971.30078125,25093.400390625,24908.44921875,226800,1.0
^NSEI,2024-10-17,25027.400390625,24749.849609375,25029.5,24728.900390625,252800,1.0
^NSEI,2024-10-18,24664.94921875,24854.05078125,24886.19921875,24567.650390625,290900,1.0
^NSEI,2024-10-21,24956.150390625,24781.099609375,24978.30078125,24679.599609375,242000,1.0
^NSEI,2024-10-22,24798.650390625,24472.099609375,24882.0,24445.80078125,279500,1.0
^NSEI,2024-10-23,24378.150390625,24435.5,24604.25,24378.099609375,284600,1.0
^NSEI,2024-10-24,24412.69921875,24399.400390625,24480.650390625,24341.19921875,216700,1.0
^NSEI,2024-10-25,24418.05078125,24180.80078125,24440.25,24073.900390625,372600,1.0
^NSEI,2024-10-28,24251.099609375,24339.150390625,24492.599609375,24134.900390625,278600,1.0
^NSEI,2024-10-29,24328.849609375,24466.849609375,24484.5,24140.849609375,332000,1.0
^NSEI,2024-10-30,24371.44921875,24340.849609375,24498.19921875,24307.30078125,285200,1.0
^NSEI,2024-10-31,24349.849609375,24205.349609375,24372.44921875,24172.599609375,287000,1.0
^NSEI,2024-11-01,24302.75,24304.349609375,24368.25,24280.19921875,38800,1.0
^NSEI,2024-11-04,24315.75,23995.349609375,24316.75,23816.150390625,285500,1.0
^NSEI,2024-11-05,23916.5,24213.30078125,24229.05078125,23842.75,289500,1.0
^NSEI,2024-11-06,24308.75,24484.05078125,24537.599609375,24204.05078125,351100,1.0
^NSEI,2024-11-07,24489.599609375,24199.349609375,24503.349609375,24179.05078125,322200,1.0
^NSEI,2024-11-08,24207.69921875,24148.19921875,24276.150390625,24066.650390625,298700,1.0
^NSEI,2024-11-11,24087.25,24141.30078125,24336.80078125,24004.599609375,273400,1.0
^NSEI,2024-11-12,24225.80078125,23883.44921875,24242.0,23839.150390625,255800,1.0
^NSEI,2024-11-13,23822.44921875,23559.05078125,23873.599609375,23509.599609375,304600,1.0
^NSEI,2024-11-14,23542.150390625,23532.69921875,23675.900390625,23484.150390625,257700,1.0
^NSEI,2024-11-18,23605.30078125,23453.80078125,23606.80078125,23350.400390625,263300,1.0
^NSEI,2024-11-19,23529.55078125,23518.5,23780.650390625,23464.80078125,297500,1.0
^NSEI,2024-11-21,23488.44921875,23349.900390625,23507.30078125,23263.150390625,420300,1.0
^NSEI,2024-11-22,23411.80078125,23907.25,23956.099609375,23359.0,367600,1.0
^NSEI,2024-11-25,24253.55078125,24221.900390625,24351.55078125,24135.44921875,687200,1.0
^NSEI,2024-11-26,24343.30078125,24194.5,24343.30078125,24125.400390625,230700,1.0
^NSEI,2024-11-27,24204.80078125,24274.900390625,24354.55078125,24145.650390625,295000,1.0
^NSEI,2024-11-28,24274.150390625,23914.150390625,24345.75,23873.349609375,366700,1.0
^NSEI,2024-11-29,23927.150390625,24131.099609375,24188.44921875,23927.150390625,282100,1.0
^NSEI,2024-12-02,24140.849609375,24276.05078125,24301.69921875,24008.650390625,220400,1.0
^NSEI,2024-12-03,24367.5,24457.150390625,24481.349609375,24280.0,339500,1.0
^NSEI,2024-12-04,24488.75,24467.44921875,24573.19921875,24366.30078125,348000,1.0
^NSEI,2024-12-05,24539.150390625,24708.400390625,24857.75,24295.55078125,361500,1.0
^NSEI,2024-12-06,24729.44921875,24677.80078125,24751.05078125,24620.5,226700,1.0
^NSEI,2024-12-09,24633.900390625,24619.0,24705.0,24580.05078125,248100,1.0
^NSEI,2024-12-10,24652.650390625,24610.05078125,24677.80078125,24510.650390625,261000,1.0
^NSEI,2024-12-11,24620.5,24641.80078125,24691.75,24583.849609375,187300,1.0
^NSEI,2024-12-12,24604.44921875,24548.69921875,24675.25,24527.94921875,266100,1.0
^NSEI,2024-12-13,24498.349609375,24768.30078125,24792.30078125,24180.80078125,310100,1.0
^NSEI,2024-12-16,24753.400390625,24668.25,24781.25,24601.75,187600,1.0
^NSEI,2024-12-17,24584.80078125,24336.0,24624.099609375,24303.44921875,264900,1.0
^NSEI,2024-12-18,24297.94921875,24198.849609375,24394.44921875,24149.849609375,235300,1.0
^NSEI,2024-12-19,23877.150390625,23951.69921875,24004.900390625,23870.30078125,271100,1.0
^NSEI,2024-12-20,23960.69921875,23587.5,24065.80078125,23537.349609375,442700,1.0
^NSEI,2024-12-23,23738.19921875,23753.44921875,23869.55078125,23647.19921875,189800,1.0
^NSEI,2024-12-24,23769.099609375,23727.650390625,23867.650390625,23685.150390625,177700,1.0
^NSEI,2024-12-26,23775.80078125,23750.19921875,23854.5,23653.599609375,177700,1.0
^NSEI,2024-12-27,23801.400390625,23813.400390625,23938.849609375,23800.599609375,176800,1.0
^NSEI,2024-12-30,23796.900390625,23644.900390625,23915.349609375,23599.30078125,364900,1.0
^NSEI,2024-12-31,23560.599609375,23644.80078125,23689.849609375,23460.44921875,193600,1.0
^NSEI,2025-01-01,23637.650390625,23742.900390625,23822.80078125,23562.80078125,154900,1.0
^NSEI,2025-01-02,23783.0,24188.650390625,24226.69921875,23751.55078125,283200,1.0
^NSEI,2025-01-03,24196.400390625,24004.75,24196.44921875,23976.0,312300,1.0
^NSEI,2025-01-06,24045.80078125,23616.05078125,24089.94921875,23551.900390625,278100,1.0
^NSEI,2025-01-07,23679.900390625,23707.900390625,23795.19921875,23637.80078125,262300,1.0
^NSEI,2025-01-08,23746.650390625,23688.94921875,23751.849609375,23496.150390625,266400,1.0
^NSEI,2025-01-09,23674.75,23526.5,23689.5,23503.05078125,269200,1.0
^NSEI,2025-01-10,23551.900390625,23431.5,23596.599609375,23344.349609375,261000,1.0
^NSEI,2025-01-13,23195.400390625,23085.94921875,23340.94921875,23047.25,316500,1.0
^NSEI,2025-01-14,23165.900390625,23176.05078125,23264.94921875,23134.150390625,311200,1.0
^NSEI,2025-01-15,23250.44921875,23213.19921875,23293.650390625,23146.44921875,228000,1.0
^NSEI,2025-01-16,23377.25,23311.80078125,23391.650390625,23272.05078125,299400,1.0
^NSEI,2025-01-17,23277.099609375,23203.19921875,23292.099609375,23100.349609375,272900,1.0
^NSEI,2025-01-20,23290.400390625,23344.75,23391.099609375,23170.650390625,301500,1.0
^NSEI,2025-01-21,23421.650390625,23024.650390625,23426.30078125,22976.849609375,312900,1.0
^NSEI,2025-01-22,23099.150390625,23155.349609375,23169.55078125,22981.30078125,276000,1.0
^NSEI,2025-01-23,23128.30078125,23205.349609375,23270.80078125,23090.650390625,275600,1.0
^NSEI,2025-01-24,23183.900390625,23092.19921875,23347.30078125,23050.0,264300,1.0
^NSEI,2025-01-27,22940.150390625,22829.150390625,23007.44921875,22786.900390625,257400,1.0
^NSEI,2025-01-28,22960.44921875,22957.25,23137.94921875,22857.650390625,361900,1.0
^NSEI,2025-01-29,23026.75,23163.099609375,23183.349609375,22976.5,226300,1.0
^NSEI,2025-01-30,23169.5,23249.5,23322.05078125,23139.19921875,361900,1.0
^NSEI,2025-01-31,23296.75,23508.400390625,23546.80078125,23277.400390625,304900,1.0
^NSEI,2025-02-03,23319.349609375,23361.05078125,23381.599609375,23222.0,329700,1.0
^NSEI,2025-02-04,23509.900390625,23739.25,23762.75,23423.150390625,376700,1.0
^NSEI,2025-02-05,23801.75,23696.30078125,23807.30078125,23680.44921875,267000,1.0
^NSEI,2025-02-06,23761.94921875,23603.349609375,23773.55078125,23556.25,307000,1.0
^NSEI,2025-02-07,23649.5,23559.94921875,23694.5,23443.19921875,368100,1.0
^NSEI,2025-02-10,23543.80078125,23381.599609375,23568.599609375,23316.30078125,234200,1.0
^NSEI,2025-02-11,23383.55078125,23071.80078125,23390.05078125,22986.650390625,268000,1.0
^NSEI,2025-02-12,23050.80078125,23045.25,23144.69921875,22798.349609375,279700,1.0
^NSEI,2025-02-13,23055.75,23031.400390625,23235.5,22992.19921875,265700,1.0
^NSEI,2025-02-14,23096.44921875,22929.25,23133.69921875,22774.849609375,254500,1.0
^NSEI,2025-02-17,22809.900390625,22959.5,22974.19921875,22725.44921875,207400,1.0
^NSEI,2025-02-18,22963.650390625,22945.30078125,22992.5,22801.5,210600,1.0
^NSEI,2025-02-19,22847.25,22932.900390625,23049.94921875,22814.849609375,207000,1.0
^NSEI,2025-02-20,22821.099609375,22913.150390625,22923.849609375,22812.75,240800,1.0
^NSEI,2025-02-21,22857.19921875,22795.900390625,22921.0,22720.30078125,242800,1.0
^NSEI,2025-02-24,22609.349609375,22553.349609375,22668.05078125,22518.80078125,214300,1.0
^NSEI,2025-02-25,22516.44921875,22547.55078125,22625.30078125,22513.900390625,250300,1.0
^NSEI,2025-02-27,22568.94921875,22545.05078125,22613.30078125,22508.400390625,289200,1.0
^NSEI,2025-02-28,22433.400390625,22124.69921875,22450.349609375,22104.849609375,551300,1.0
^NSEI,2025-03-03,22194.55078125,22119.30078125,22261.55078125,22004.69921875,282400,1.0
^NSEI,2025-03-04,21974.44921875,22082.650390625,22105.05078125,21964.599609375,253300,1.0
^NSEI,2025-03-05,22073.05078125,22337.30078125,22394.900390625,22067.80078125,305900,1.0
^NSEI,2025-03-06,22476.349609375,22544.69921875,22556.44921875,22245.849609375,372100,1.0
^NSEI,2025-03-07,22508.650390625,22552.5,22633.80078125,22464.75,289800,1.0
^NSEI,2025-03-10,22521.849609375,22460.30078125,22676.75,22429.05078125,293900,1.0
^NSEI,2025-03-11,22345.94921875,22497.900390625,22522.099609375,22314.69921875,347900,1.0
^NSEI,2025-03-12,22536.349609375,22470.5,22577.400390625,22329.55078125,369700,1.0
^NSEI,2025-03-13,22541.5,22397.19921875,22558.05078125,22377.349609375,287500,1.0
^NSEI,2025-03-17,22353.150390625,22508.75,22577.0,22353.150390625,251100,1.0
^NSEI,2025-03-18,22662.25,22834.30078125,22857.80078125,22599.19921875,272600,1.0
^NSEI,2025-03-19,22874.94921875,22907.599609375,22940.69921875,22807.94921875,324000,1.0
^NSEI,2025-03-20,23036.599609375,23190.650390625,23216.69921875,22973.94921875,313700,1.0
^NSEI,2025-03-21,23168.25,23350.400390625,23402.69921875,23132.80078125,541000,1.0
^NSEI,2025-03-24,23515.400390625,23658.349609375,23708.75,23433.5,311900,1.0
^NSEI,2025-03-25,23751.5,23668.650390625,23869.599609375,23601.400390625,338200,1.0
^NSEI,2025-03-26,23700.94921875,23486.849609375,23736.5,23451.69921875,278600,1.0
^NSEI,2025-03-27,23433.94921875,23591.94921875,23646.44921875,23412.19921875,510300,1.0
^NSEI,2025-03-28,23600.400390625,23519.349609375,23649.19921875,23450.19921875,295400,1.0
^NSEI,2025-04-01,23341.099609375,23165.69921875,23565.150390625,23136.400390625,314300,1.0
^NSEI,2025-04-02,23192.599609375,23332.349609375,23350.0,23158.44921875,341000,1.0
^NSEI,2025-04-03,23150.30078125,23250.099609375,23306.5,23145.80078125,283200,1.0
^NSEI,2025-04-04,23190.400390625,22904.44921875,23214.69921875,22857.44921875,466800,1.0
^NSEI,2025-04-07,21758.400390625,22161.599609375,22254.0,21743.650390625,647100,1.0
^NSEI,2025-04-08,22446.75,22535.849609375,22697.19921875,22270.849609375,468300,1.0
^NSEI,2025-04-09,22460.30078125,22399.150390625,22468.69921875,22353.25,383800,1.0
^NSEI,2025-04-11,22695.400390625,22828.55078125,22923.900390625,22695.400390625,402200,1.0
